name,gender,age,class,fare,group,joined,job,boat,survival
"ALLEN, Miss Elisabeth Walton",1,29,1,211,,Southampton,,2,1
"ALLISON, Mr Hudson Joshua Creighton",0,30,1,151,,Southampton,Businessman,,0
"ALLISON, Mrs Bessie Waldo",1,25,1,151,,Southampton,,,0
"ALLISON, Miss Helen Loraine",1,2,1,151,,Southampton,,,0
"ALLISON, Master Hudson Trevor",0,1,1,151,,Southampton,,11,1
"ANDERSON, Mr Harry",0,47,1,26,,Southampton,Stockbroker,3,1
"ANDREWS, Miss Kornelia Theodosia",1,62,1,77,,Cherbourg,,10,1
"ANDREWS, Mr Thomas",0,39,1,NA,H&W Guarantee Group,Belfast,Shipbuilder,,0
"APPLETON, Mrs Charlotte",1,53,1,51,,Southampton,,D,1
"ARTAGAVEYTIA, Mr Ramon",0,71,1,49,,Cherbourg,Businessman,,0
"ASTOR, Colonel John Jacob",0,47,1,247,,Cherbourg,Property Developer / Real Estate,,0
"ASTOR, Mrs Madeleine Talmage",1,18,1,247,,Cherbourg,,4,1
"AUBART, Mme. L?ontine Pauline",0,24,1,69,,Cherbourg,Singer,9,1
"BARBER, Miss Ellen ""Nellie""",1,26,1,78,Servant,Southampton,Personal Maid,6,1
"BARKWORTH, Mr Algernon Henry",0,47,1,30,,Southampton,Justice of the Peace,B,1
"BAUMANN, Mr John D.",0,60,1,25,,Cherbourg,Businessman,,0
"BAXTER, Mrs H?l?ne",1,50,1,247,,Cherbourg,,6,1
"BAXTER, Mr Quigg Edmond",0,24,1,247,,Cherbourg,,,0
"BAZZANI, Mrs Albina",1,36,1,76,Servant,Cherbourg,Personal Maid,8,1
"BEATTIE, Mr Thomson",0,36,1,75,,Southampton,Landowner,A,1
"BECKWITH, Mr Richard Leonard",0,37,1,52,,Southampton,,5,1
"BECKWITH, Mrs Sallie",1,46,1,52,,Southampton,,5,1
"BEHR, Mr Karl Howell",0,26,1,30,,Cherbourg,,5,1
"BESSETTE, Miss Nellie Mayo",1,39,1,63,Servant,Cherbourg,Personal Maid,8,1
"BIDOIS, Miss Rosalie",1,46,1,247,Servant,Cherbourg,Personal Maid,4,1
"BIRD, Miss Ellen",1,31,1,221,Servant,Southampton,Personal Maid,8,1
"BIRNBAUM, Mr Jakob",0,24,1,26,,Cherbourg,,,0
"BISHOP, Mr Dickinson H.",0,25,1,91,,Cherbourg,,7,1
"BISHOP, Mrs Helen",1,19,1,91,,Cherbourg,,7,1
"BJ?RNSTR?M-STEFFANSSON, Mr Mauritz H?kan",0,28,1,26,,Southampton,Businessman,D,1
"BLACKWELL, Mr Stephen Weart",0,45,1,35,,Southampton,,,0
"BLANK, Mr Henry",0,39,1,31,,Cherbourg,Jeweller,7,1
"BONNELL, Miss Caroline",1,30,1,164,,Southampton,,8,1
"BONNELL, Miss Elizabeth",1,61,1,26,,Southampton,,8,1
"BOREBANK, Mr John James",0,42,1,26,,Southampton,Property Developer / Real Estate,,0
"BOWEN, Miss Grace Scott",1,45,1,262,Servant,Cherbourg,Governess,4,1
"BOWERMAN, Miss Elsie Edith",1,22,1,55,,Southampton,,6,1
"BRADY, Mr John Bertram",0,41,1,30,,Southampton,,,0
"BRANDEIS, Mr Emil",0,48,1,50,,Cherbourg,,,0
"BRERETON, Mr George Andrew",0,37,1,26,,Southampton,,9,1
"BREWE, Dr Arthur Jackson",0,45,1,39,,Cherbourg,,,0
"BROWN, Mrs Caroline Lane",1,59,1,51,,Southampton,,D,1
"BROWN, Mrs Margaret",1,44,1,27,,Cherbourg,,6,1
"BUCKNELL, Mrs Emma Eliza",1,59,1,76,,Cherbourg,,8,1
"BURNS, Miss Elizabeth Margaret",1,41,1,134,Servant,Cherbourg,Nursemaid,3,1
"BUTT, Major Archibald Willingham",0,46,1,26,,Southampton,Military,,0
"CAIRNS, Mr Alexander",0,NA,1,31,Servant,Southampton,Servant,,0
"CALDERHEAD, Mr Edward Pennington",0,42,1,26,,Southampton,,5,1
"CANDEE, Mrs Helen Churchill",1,52,1,27,,Cherbourg,,6,1
"CARDEZA, Mrs Charlotte Wardle",1,58,1,512,,Cherbourg,,3,1
"CARDEZA, Mr Thomas Drake Martinez",0,36,1,512,,Cherbourg,Gentleman,3,1
"CARLSSON, Mr Frans Olof",0,33,1,5,,Southampton,,,0
"CARRAU, Mr Francisco M.",0,31,1,47,,Southampton,,,0
"CARRAU, Mr Jos? Pedro",0,17,1,47,,Southampton,,,0
"CARTER, Mr William Ernest",0,36,1,120,,Southampton,,C,1
"CARTER, Mrs Lucile",1,36,1,120,,Southampton,,4,1
"CARTER, Miss Lucile Polk",1,13,1,120,,Southampton,,4,1
"CARTER, Master William Thornton II",0,11,1,120,,Southampton,,4,1
"CASE, Mr Howard Brown",0,49,1,26,,Southampton,,,0
"CASSEBEER, Mrs Eleanor Genevieve",1,36,1,27,,Cherbourg,,5,1
"CAVENDISH, Mr Tyrell William",0,36,1,78,,Southampton,,,0
"CAVENDISH, Mrs Julia Florence",1,25,1,78,,Southampton,,6,1
"CHAFFEE, Mr Herbert Fuller",0,46,1,61,,Southampton,,,0
"CHAFFEE, Mrs Carrie Constance",1,47,1,61,,Southampton,,4,1
"CHAMBERS, Mr Norman Campbell",0,27,1,53,,Southampton,,5,1
"CHAMBERS, Mrs Bertha",1,32,1,53,,Southampton,,5,1
"CHAUDANSON, Miss Victorine",1,36,1,262,Servant,Cherbourg,Personal Maid,4,1
"CHERRY, Miss Gladys",1,30,1,86,,Southampton,Of Independent Means,8,1
"CHEVR?, Mr Paul Romaine Marie L?once",0,45,1,29,,Cherbourg,Sculptor,7,1
"CHIBNALL, Mrs Edith Martha Bowerman",1,48,1,55,,Southampton,Of Independent Means,6,1
"CHISHOLM, Mr Roderick Robert Crispin",0,40,1,NA,H&W Guarantee Group,Belfast,Draughtsman,,0
"CLARK, Mr Walter Miller",0,27,1,136,,Cherbourg,,,0
"CLARK, Mrs Virginia Estelle",1,26,1,136,,Cherbourg,,4,1
"CLEAVER, Miss Alice Catherine",1,22,1,151,Servant,Southampton,Nursemaid,11,1
"CLIFFORD, Mr George Quincy",0,40,1,52,,Southampton,,,0
"COLLEY, Mr Edward Pomeroy",0,37,1,25,,Southampton,,,0
"COMPTON, Mrs Mary Eliza",1,64,1,83,,Cherbourg,,14,1
"COMPTON, Miss Sara Rebecca",1,39,1,83,,Cherbourg,,14,1
"COMPTON, Mr Alexander Taylor jr",0,37,1,83,,Cherbourg,,,0
"CORNELL, Mrs Malvina Helen",1,55,1,25,,Southampton,,2,1
"CRAFTON, Mr John Bertram",0,59,1,26,,Southampton,Businessman,,0
"CROSBY, Captain Edward Gifford",0,70,1,71,,Southampton,,,0
"CROSBY, Mrs Catherine Elizabeth",1,64,1,71,,Southampton,,7,1
"CROSBY, Miss Harriette Rebecca",1,39,1,26,,Southampton,,7,1
"CUMINGS, Mr John Bradley",0,39,1,71,,Cherbourg,,,0
"CUMINGS, Mrs Florence Briggs",1,35,1,71,,Cherbourg,,4,1
"DALY, Mr Peter Dennis",0,51,1,26,,Southampton,Businessman,5,1
"DANIEL, Mr Robert Williams",0,27,1,30,,Southampton,,3,1
"DANIELS, Miss Sarah",1,33,1,151,Servant,Southampton,Personal Maid,8,1
"DAVIDSON, Mr Thornton",0,31,1,52,,Cherbourg,,,0
"DAVIDSON, Mrs Orian",1,27,1,52,,Cherbourg,,3,1
"DICK, Mr Albert Adrian",0,31,1,57,,Southampton,,3,1
"DICK, Mrs Vera",1,17,1,57,,Southampton,,3,1
"DODGE, Dr Washington",0,52,1,81,,Southampton,Politician,13,1
"DODGE, Mrs Ruth",1,34,1,81,,Southampton,,5,1
"DODGE, Master Washington",0,4,1,81,,Southampton,,5,1
"DOUGLAS, Mr Walter Donald",0,50,1,106,,Cherbourg,,,0
"DOUGLAS, Mrs Mahala",1,48,1,106,,Cherbourg,,2,1
"DOUGLAS, Mrs Mary H?l?ne",1,27,1,247,,Cherbourg,,6,1
"DUFF GORDON, Sir Cosmo Edmund",0,49,1,39,,Cherbourg,Landowner,1,1
"DUFF GORDON, Lucy Christiana, Lady",1,48,1,56,,Cherbourg,Dressmaker / Couturi?re,1,1
"DULLES, Mr William Crothers",0,39,1,29,,Cherbourg,,,0
"EARNSHAW, Mrs Olive",1,23,1,83,,Cherbourg,Of Independent Means,7,1
"ENDRES, Miss Caroline Louise",1,39,1,247,Servant,Cherbourg,Nurse,4,1
"EUSTIS, Miss Elizabeth Mussey",1,54,1,78,,Cherbourg,,4,1
"EVANS, Miss Edith Corse",1,36,1,31,,Cherbourg,,,0
"FARTHING, Mr John",0,57,1,221,Servant,Southampton,Servant,,0
"FLEGENHEIM, Mrs Antoinette",1,48,1,31,,Cherbourg,,7,1
"FLEMING, Miss Margaret",1,42,1,110,Servant,Cherbourg,Personal Maid,4,1
"FLYNN, Mr John Irwin",0,36,1,26,,Southampton,,5,1
"FOREMAN, Mr Benjamin Laventall",0,30,1,27,,Southampton,,,0
"FORTUNE, Mr Mark",0,64,1,263,,Southampton,,,0
"FORTUNE, Mrs Mary",1,60,1,263,,Southampton,,10,1
"FORTUNE, Miss Ethel Flora",1,28,1,263,,Southampton,,10,1
"FORTUNE, Miss Alice Elizabeth",1,24,1,263,,Southampton,,10,1
"FORTUNE, Miss Mabel Helen",1,23,1,263,,Southampton,,10,1
"FORTUNE, Mr Charles Alexander",0,19,1,263,,Southampton,,,0
"FRANCATELLI, Miss Laura Mabel",1,31,1,56,Servant,Cherbourg,Secretary,1,1
"FRANKLIN, Mr Thomas Parnham",0,37,1,26,,Southampton,,,0
"FRAUENTHAL, Mr Isaac Gerald",0,43,1,27,,Cherbourg,,5,1
"FRAUENTHAL, Dr Henry William",0,49,1,133,,Cherbourg,Doctor,5,1
"FRAUENTHAL, Mrs Clara",1,42,1,133,,Cherbourg,,5,1
"FR?LICHER, Miss Hedwig Margaritha",1,22,1,49,,Cherbourg,,5,1
"FR?LICHER-STEHLI, Mr Maximilian Josef",0,60,1,79,,Cherbourg,,5,1
"FR?LICHER-STEHLI, Mrs Margaretha Emerentia",1,48,1,79,,Cherbourg,,5,1
"FRY, Mr John Richard",0,39,1,NA,Servant,Southampton,Servant,,0
"FUTRELLE, Mr Jacques Heath",0,37,1,53,,Southampton,Writer,,0
"FUTRELLE, Mrs Lily May",1,35,1,53,,Southampton,,D,1
"GEE, Mr Arthur H.",0,47,1,38,,Southampton,,,0
"GIBSON, Mrs Pauline Caroline",1,44,1,59,,Cherbourg,,7,1
"GIBSON, Miss Dorothy Winifred",1,22,1,59,,Cherbourg,,7,1
"GIEGER, Miss Amalie ""Emily"" Henriette",1,35,1,211,Servant,Southampton,Personal Maid,4,1
"GIGLIO, Mr Victor",0,24,1,79,Servant,Cherbourg,Servant,,0
"GOLDENBERG, Mr Samuel L.",0,47,1,89,,Cherbourg,,5,1
"GOLDENBERG, Mrs Nella",1,40,1,89,,Cherbourg,,5,1
"GOLDSCHMIDT, Mr George B.",0,71,1,34,,Cherbourg,,,0
"GRACIE, Colonel Archibald",0,53,1,28,,Southampton,Writer,B,1
"GRAHAM, Mr George Edward",0,38,1,30,,Southampton,Sales Manager,,0
"GRAHAM, Mrs Edith",1,59,1,153,,Southampton,,3,1
"GRAHAM, Miss Margaret Edith",1,19,1,153,,Southampton,,3,1
"GREENFIELD, Mrs Blanche",1,45,1,63,,Cherbourg,,7,1
"GREENFIELD, Mr William Bertram",0,23,1,63,,Cherbourg,,7,1
"GUGGENHEIM, Mr Benjamin",0,46,1,79,,Cherbourg,Businessman,,0
"HARDER, Mr George Achilles",0,25,1,55,,Cherbourg,Businessman,5,1
"HARDER, Mrs Dorothy",1,21,1,55,,Cherbourg,,5,1
"HARPER, Mr Henry Sleeper",0,48,1,76,,Cherbourg,Of Independent Means,3,1
"HARPER, Mrs Myna",1,49,1,76,,Cherbourg,,3,1
"HARRINGTON, Mr Charles Henry",0,37,1,42,Servant,Southampton,Servant,,0
"HARRIS, Mr Henry Birkhardt",0,45,1,83,,Southampton,Theatre Manager,,0
"HARRIS, Mrs Irene",1,35,1,83,,Southampton,,D,1
"HARRISON, Mr William Henry",0,45,1,NA,Servant,Southampton,Secretary,,0
"HASSAB, Mr Hammad",0,27,1,76,Servant,Cherbourg,Servant,3,1
"HAWKSFORD, Mr Walter James",0,45,1,30,,Southampton,Sales Manager,3,1
"HAYS, Mr Charles Melville",0,55,1,93,,Southampton,Businessman,,0
"HAYS, Mrs Clara Jennings",1,52,1,93,,Southampton,,3,1
"HAYS, Miss Margaret Bechstein",1,24,1,83,,Cherbourg,,7,1
"HEAD, Mr Christopher",0,42,1,42,,Southampton,Politician,,0
"HILLIARD, Mr Herbert Henry",0,44,1,51,,Southampton,Buyer,,0
"HIPKINS, Mr William Edward",0,55,1,50,,Southampton,Manufacturer,,0
"HIPPACH, Mrs Ida Sophia",1,44,1,57,,Cherbourg,,4,1
"HIPPACH, Miss Jean Gertrude",1,17,1,57,,Cherbourg,,4,1
"HOGEBOOM, Mrs Anna Louisa",1,51,1,77,,Cherbourg,Of Independent Means,10,1
"HOLVERSON, Mr Alexander Oskar",0,42,1,52,,Southampton,,,0
"HOLVERSON, Mrs Mary Aline",1,35,1,52,,Southampton,,8,1
"HOMER, Mr Harry",0,40,1,26,,Southampton,Gambler,15,1
"HOYT, Mr Frederick Maxfield",0,38,1,100,,Southampton,,D,1
"HOYT, Mrs Jane Anne",1,31,1,100,,Southampton,,D,1
"HOYT, Mr William Fisher",0,42,1,30,,Cherbourg,Businessman,14,1
"ICARD, Miss Amelie ""Amelia""",1,38,1,80,Servant,Southampton,Personal Maid,6,1
"ISHAM, Miss Ann Elizabeth",1,50,1,28,,Cherbourg,,,0
"ISMAY, Mr Joseph Bruce",0,49,1,NA,,Southampton,Shipowner,C,1
"JONES, Mr Charles Cresson",0,46,1,26,,Southampton,Estate Manager,,0
"JULIAN, Mr Henry Forbes",0,50,1,26,,Southampton,Metallurgist,,0
"KEEPING, Mr Edwin Herbert",0,33,1,211,Servant,Southampton,Servant,,0
"KENT, Mr Edward Austin",0,58,1,29,,Cherbourg,Architect,,0
"KENYON, Mr Frederick R.",0,41,1,51,,Southampton,,,0
"KENYON, Mrs Marion",1,31,1,51,,Southampton,,8,1
"KIMBALL, Mr Edwin Nelson Jr.",0,42,1,52,,Southampton,,5,1
"KIMBALL, Mrs Gertrude",1,45,1,52,,Southampton,,5,1
"KLABER, Mr Herman",0,NA,1,26,,Southampton,Businessman,,0
"KREUCHEN, Miss Emilie",1,29,1,211,Servant,Southampton,Personal Maid,2,1
"LAMBERT-WILLIAMS, Mr Fletcher Fellows",0,NA,1,35,,Southampton,Businessman,,0
"LEADER, Dr Alice",0,49,1,25,,Southampton,Doctor,8,1
"LEROY, Miss Berthe",1,27,1,106,Servant,Cherbourg,Personal Maid,2,1
"LESUEUR, Mr Gustave J.",0,35,1,512,Servant,Cherbourg,Servant,3,1
"LEWY, Mr Ervin G.",0,31,1,27,,Cherbourg,Jeweller,,0
"LINDEBERG-LIND, Mr Erik Gustaf",0,42,1,26,,Southampton,Businessman,,0
"LINDSTR?M, Mrs Sigrid",1,55,1,27,,Cherbourg,,6,1
"LINES, Mrs Elizabeth Lindsey",1,50,1,39,,Cherbourg,,9,1
"LINES, Miss Mary Conover",1,16,1,39,,Cherbourg,,9,1
"LONG, Mr Milton Clyde",0,29,1,30,,Southampton,,,0
"LONGLEY, Miss Gretchen Fiske",1,21,1,77,,Cherbourg,,10,1
"LORING, Mr Joseph Holland",0,30,1,45,,Southampton,,,0
"LURETTE, Miss Eugenie Elise",1,59,1,146,Servant,Cherbourg,Personal Maid,6,1
"MADILL, Miss Georgette Alexandra",1,16,1,211,,Southampton,,2,1
"MAGUIRE, Mr John Edward",0,30,1,26,,Southampton,,,0
"MAIONI, Miss Roberta Elizabeth Mary",1,19,1,86,Servant,Southampton,Personal Maid,8,1
"MAR?CHAL, Mr Pierre",0,28,1,29,,Cherbourg,Aviator,7,1
"MARVIN, Mr Daniel Warner",0,18,1,53,,Southampton,Of Independent Means,,0
"MARVIN, Mrs Mary Graham Carmichael",1,18,1,53,,Southampton,,10,1
"MAYN?, Mlle Bertha Antonine",0,24,1,49,,Cherbourg,Singer,6,1
"MCCAFFRY, Mr Thomas Francis",0,46,1,75,,Southampton,Banker,,0
"MCCARTHY, Mr Timothy J.",0,54,1,51,,Southampton,Buyer,,0
"MCGOUGH, Mr James Robert",0,35,1,26,,Southampton,Buyer,7,1
"MEYER, Mr Edgar Joseph",0,28,1,82,,Cherbourg,Mechanical Engineer,,0
"MEYER, Mrs Leila",1,25,1,82,,Cherbourg,,6,1
"MILLET, Mr Francis Davis",0,65,1,26,,Cherbourg,Artist,,0
"MINAHAN, Dr William Edward",0,44,1,90,,,Merchant,,0
"MINAHAN, Mrs Lillian E.",1,37,1,90,,,,14,1
"MINAHAN, Miss Daisy E.",1,33,1,90,,,,14,1
"MOCK, Mr Philipp Edmund",0,30,1,57,,Cherbourg,,11,1
"MOLSON, Mr Harry Markland",0,55,1,30,,Southampton,Businessman,,0
"MOORE, Mr Clarence Bloomfield",0,47,1,42,,Southampton,Businessman,,0
"NATSCH, Mr Charles",0,36,1,29,,Cherbourg,,,0
"NEWELL, Mr Arthur Webster",0,58,1,113,,Cherbourg,,,0
"NEWELL, Miss Marjorie Anne",1,23,1,113,,Cherbourg,,6,1
"NEWELL, Miss Madeleine",1,31,1,113,,Cherbourg,,6,1
"NEWSOM, Miss Helen Monypeny",1,19,1,26,,Southampton,,5,1
"NICHOLSON, Mr Arthur Ernest",0,64,1,26,,Southampton,,,0
"NOURNEY, Mr Alfred",0,20,1,13,,Cherbourg,Gentleman,7,1
"OLIVA Y OCANA, Do?a Fermina",0,39,1,108,Servant,Cherbourg,Personal Maid,8,1
"OMONT, Mr Alfred Fernand",0,29,1,25,,Cherbourg,Dealer,7,1
"OSTBY, Mr Engelhart Cornelius",0,64,1,61,,Southampton,Jeweller,,0
"OSTBY, Miss Helen Ragnhild",1,22,1,61,,Southampton,,5,1
"OVIES Y RODRIGUEZ, Mr Servando Jose Florentino",0,36,1,27,,Cherbourg,Merchant,,0
"PARR, Mr William Henry Marsh",0,29,1,NA,H&W Guarantee Group,Belfast,Electrician,,0
"PARTNER, Mr Austin",0,40,1,28,,Southampton,Stockbroker,,0
"PAYNE, Mr Vivian Ponsonby",0,22,1,93,Servant,Southampton,Clerk,,0
"PEARS, Mr Thomas Clinton",0,29,1,66,,Southampton,Of Independent Means,,0
"PEARS, Mrs Edith",1,22,1,66,,Southampton,,8,1
"PE?ASCO Y CASTELLANA, Mr Victor",0,24,1,108,,Cherbourg,Of Independent Means,,0
"PE?ASCO Y CASTELLANA, Mrs Maria Josefa Perezde Soto y Vallejo",1,22,1,108,,Cherbourg,Of Independent Means,8,1
"PERREAULT, Miss Mary Anne",1,33,1,93,Servant,Southampton,Personal Maid,3,1
"PEUCHEN, Major Arthur Godfrey",0,52,1,30,,Southampton,,6,1
"PORTER, Mr Walter Chamberlain",0,46,1,52,,Southampton,,,0
"POTTER, Mrs Lily Alexenia",1,56,1,83,,Cherbourg,,7,1
"REUCHLIN, Mr Jonkheer Johan George",0,38,1,NA,,Cherbourg,,,0
"RHEIMS, Mr George Alexander Lucien",0,36,1,39,,Cherbourg,,A,1
"RIGHINI, Mr Sante",0,22,1,135,Servant,Cherbourg,Servant,,0
"ROBBINS, Mr Victor",0,42,1,247,Servant,Cherbourg,Servant,,0
"ROBERT, Mrs Elisabeth Walton",1,43,1,211,,Southampton,Of Independent Means,2,1
"ROEBLING, Mr Washington Augustus II",0,31,1,50,,Southampton,Of Independent Means,,0
"ROMAINE, Mr Charles Hallace",0,45,1,26,,Southampton,,9,1
"ROOD, Mr Hugh Roscoe",0,38,1,50,,Southampton,,,0
"ROSENBAUM, Miss Edith Louise",1,34,1,27,,Cherbourg,Journalist,11,1
"ROSENSHINE, Mr George",0,46,1,79,,Cherbourg,Merchant,,0
"ROSS, Mr John Hugo",0,36,1,40,,Southampton,,,0
"ROTHES, Lucy No?l Martha, Countess of",0,33,1,86,,Southampton,Of Independent Means,8,1
"ROTHSCHILD, Mr Martin",0,46,1,59,,Cherbourg,,,0
"ROTHSCHILD, Mrs Elizabeth Jane Anne",1,54,1,59,,Cherbourg,,6,1
"ROWE, Mr Alfred G.",0,59,1,26,,Southampton,Landowner,,0
"RYERSON, Mr Arthur Larned",0,61,1,262,,Cherbourg,,,0
"RYERSON, Mrs Emily Maria",1,48,1,262,,Cherbourg,,4,1
"RYERSON, Miss Emily Borie",1,18,1,262,,Cherbourg,,4,1
"RYERSON, Miss Susan Parker ""Suzette""",1,21,1,262,,Cherbourg,,4,1
"RYERSON, Master John Borie",0,13,1,262,,Cherbourg,,4,1
"SAALFELD, Mr Adolphe",0,47,1,30,,Southampton,Businessman,3,1
"S?GESSER, Mlle Emma",0,24,1,69,Servant,Cherbourg,Personal Maid,9,1
"SALOMON, Mr Abraham Lincoln",0,43,1,26,,Cherbourg,Businessman,1,1
"SCHABERT, Mrs Emma",1,35,1,57,,Cherbourg,,11,1
"SERREPLAN, Miss Auguste",1,30,1,31,Servant,Southampton,Personal Maid,4,1
"SEWARD, Mr Frederic Kimber",0,34,1,26,,Southampton,Lawyer,7,1
"SHUTES, Miss Elizabeth Weed",1,40,1,153,Servant,Southampton,Governess,3,1
"SILVERTHORNE, Mr Spencer Victor",0,35,1,26,,Southampton,,5,1
"SILVEY, Mr William Baird",0,50,1,55,,Cherbourg,,,0
"SILVEY, Mrs Alice",1,39,1,55,,Cherbourg,,11,1
"SIMONIUS-BLUMER, Mr Colonel (Oberst) Alfons",0,56,1,35,,Southampton,Banker,3,1
"SLOPER, Mr William Thompson",0,28,1,35,,Southampton,Stockbroker,7,1
"SMART, Mr John Montgomery",0,56,1,26,,Southampton,,,0
"SMITH, Mr James Clinch",0,56,1,30,,Cherbourg,Military,,0
"SMITH, Mr Richard William",0,NA,1,26,,Southampton,,,0
"SMITH, Mr Lucian Philip",0,24,1,60,,Cherbourg,,,0
"SMITH, Mrs Mary Eloise",1,18,1,60,,Cherbourg,,6,1
"SNYDER, Mr John Pillsbury",0,24,1,82,,Southampton,,7,1
"SNYDER, Mrs Nelle",1,23,1,82,,Southampton,,7,1
"SPEDDEN, Mr Frederic Oakley",0,45,1,134,,Cherbourg,,3,1
"SPEDDEN, Mrs Margaretta Corning",1,39,1,134,,Cherbourg,,3,1
"SPEDDEN, Master Robert Douglas",0,6,1,134,,Cherbourg,,3,1
"SPENCER, Mr William Augustus",0,57,1,146,,Cherbourg,,,0
"SPENCER, Mrs Marie Eugenie",1,45,1,146,,Cherbourg,,6,1
"ST?HELIN-MAEGLIN, Dr Max",0,32,1,30,,Southampton,Lawyer,3,1
"STEAD, Mr William Thomas",0,62,1,26,,Southampton,Journalist,,0
"STENGEL, Mr Charles Emil Henry",0,54,1,55,,Cherbourg,Businessman,1,1
"STENGEL, Mrs Annie May",1,44,1,55,,Cherbourg,,5,1
"STEPHENSON, Mrs Martha",1,52,1,78,,Cherbourg,,4,1
"STEWART, Mr Albert A.",0,54,1,27,,Cherbourg,Businessman,,0
"STONE, Mrs Martha Evelyn",1,62,1,80,,Southampton,,6,1
"STRAUS, Mr Isidor",0,67,1,221,,Southampton,Businessman,,0
"STRAUS, Mrs Rosalie Ida",1,63,1,221,,Southampton,,,0
"SUTTON, Mr Frederick",0,61,1,32,,Southampton,Property Developer / Real Estate,,0
"SWIFT, Mrs Margaret Welles",1,46,1,25,,Southampton,,8,1
"TAUSSIG, Mr Emil",0,52,1,79,,Southampton,,,0
"TAUSSIG, Mrs Tillie",1,39,1,79,,Southampton,,8,1
"TAUSSIG, Miss Ruth",1,18,1,79,,Southampton,,8,1
"TAYLOR, Mr Elmer Zebley",0,48,1,52,,Southampton,Manufacturer,5,1
"TAYLOR, Mrs Juliet Cummins",1,49,1,52,,Southampton,,5,1
"THAYER, Mr John Borland",0,49,1,110,,Cherbourg,Businessman,,0
"THAYER, Mrs Marian Longstreth",1,39,1,110,,Cherbourg,,4,1
"THAYER, Mr John Borland jr",0,17,1,110,,Cherbourg,Scholar,B,1
"THORNE, Miss Gertrude Maybelle",1,38,1,80,,Cherbourg,,D,1
"TUCKER, Mr Gilbert Milligan jr",0,31,1,28,,Cherbourg,,7,1
"URUCHURTU, Don. Manuel Ramirez",0,39,1,27,,Cherbourg,Lawyer,,0
"VAN DER HOEF, Mr Wyckoff",0,61,1,33,,Belfast,Businessman,,0
"WALKER, Mr William Anderson",0,48,1,34,,Southampton,,,0
"WARD, Miss Annie Moore",1,38,1,512,Servant,Cherbourg,Personal Maid,3,1
"WARREN, Mr Frank Manley",0,63,1,75,,Cherbourg,,,0
"WARREN, Mrs Anna Sophia",1,60,1,75,,Cherbourg,,5,1
"WEIR, Colonel John",0,59,1,26,,Southampton,Military,,0
"WHITE, Mr Percival Wayland",0,54,1,77,,Southampton,Manufacturer,,0
"WHITE, Mr Richard Frasar",0,21,1,77,,Southampton,,,0
"WHITE, Mrs Ella",1,55,1,135,,Cherbourg,,8,1
"WICK, Mr George Dennick",0,57,1,164,,Southampton,,,0
"WICK, Mrs Mary",1,45,1,164,,Southampton,,8,1
"WICK, Miss Mary Natalie",1,31,1,164,,Southampton,,8,1
"WIDENER, Mr George Dunton",0,50,1,211,,Southampton,Banker,,0
"WIDENER, Mrs Eleanor",1,50,1,211,,Southampton,,4,1
"WIDENER, Mr Harry Elkins",0,27,1,211,,Southampton,Bibliophile,,0
"WILLARD, Miss Constance",1,21,1,26,,Southampton,,8,1
"WILLIAMS, Mr Charles Duane",0,51,1,61,,Cherbourg,Lawyer,,0
"WILLIAMS, Mr Richard Norris II",0,21,1,61,,Cherbourg,Sportsman,A,1
"WILSON, Miss Helen Alice",1,31,1,134,Servant,Cherbourg,Personal Maid,3,1
"WOOLNER, Mr Hugh",0,45,1,35,,Southampton,Businessman,D,1
"WRIGHT, Mr George",0,62,1,26,,Southampton,Businessman,,0
"YOUNG, Miss Marie Grice",1,36,1,135,,Cherbourg,,8,1
"ABELSON, Mr Samuel",0,30,2,24,,Cherbourg,,,0
"ABELSON, Mrs",1,28,2,24,,Cherbourg,,10,1
"ALDWORTH, Mr Charles Augustus",0,30,2,13,Servant,Southampton,Chauffeur,,0
"ANDREW, Mr Edgar Samuel",0,17,2,11,,Southampton,,,0
"ANDREW, Mr Frank Thomas",0,25,2,10,,Southampton,Miner,,0
"ANGLE, Mr William A.",0,32,2,26,,Southampton,,,0
"ANGLE, Mrs Florence ""Mary"" Agnes",1,36,2,26,,Southampton,,11,1
"ASHBY, Mr John",0,57,2,13,,Southampton,,,0
"BAILEY, Mr Percy Andrew",0,15,2,11,,Southampton,Butcher's Assistant,,0
"BAINBRIGGE, Mr Charles Robert",0,23,2,10,,Southampton,Horse Trainer,,0
"BALL, Mrs Ada E.",1,36,2,13,,Southampton,,10,1
"BANFIELD, Mr Frederick James",0,28,2,10,,Southampton,Miner,,0
"BATEMAN, Fr Robert James",0,51,2,12,,Southampton,Priest / Minister,,0
"BEANE, Mr Edward",0,32,2,26,,Southampton,,13,1
"BEANE, Mrs Ethel",1,19,2,26,,Southampton,,13,1
"BEAUCHAMP, Mr Henry James",0,28,2,26,,Southampton,,,0
"BECKER, Mrs Nellie E.",1,35,2,39,,Southampton,,11,1
"BECKER, Miss Marion Louise",1,4,2,39,,Southampton,,11,1
"BECKER, Master Richard F.",0,1,2,39,,Southampton,,11,1
"BECKER, Miss Ruth Elizabeth",1,12,2,39,,Southampton,,13,1
"BEESLEY, Mr Lawrence",0,34,2,13,,Southampton,Teacher,13,1
"BENTHAM, Miss Lillian W.",1,19,2,13,,Southampton,,12,1
"BERRIMAN, Mr William John",0,23,2,13,,Southampton,,,0
"BOTSFORD, Mr William Hull",0,25,2,13,,Southampton,,,0
"BOWENUR, Mr Solomon",0,42,2,13,,Southampton,Merchant,,0
"BRACKEN, Mr James H.",0,29,2,13,,Southampton,Stockman,,0
"BRAILEY, Mr W. Theodore Ronald",0,24,2,NA,Musician,Southampton,Musician,,0
"BRICOUX, Mr Roger Marie",0,20,2,NA,Musician,Southampton,Musician,,0
"BRITO, Mr Jos? Joaquim de",0,32,2,13,,Southampton,,,0
"BROWN, Miss Amelia Mary ""Mildred""",1,18,2,13,Servant,Southampton,Cook (Personal),11,1
"BROWN, Mr Thomas William Solomon",0,60,2,39,,Southampton,Hotelier,,0
"BROWN, Mrs Elizabeth Catherine",1,40,2,39,,Southampton,,14,1
"BROWN, Miss Edith Eileen",1,15,2,39,,Southampton,Scholar,14,1
"BRYHL, Mr Kurt Arnold Gottfrid",0,25,2,26,,Southampton,,,0
"BRYHL, Miss Dagmar Jenny Ingeborg",1,20,2,26,,Southampton,,12,1
"BUSS, Miss Kate",1,36,2,13,,Southampton,,9,1
"BUTLER, Mr Reginald Fenton",0,25,2,13,,Southampton,Mechanical Engineer,,0
"BYLES, Fr Thomas Roussel Davids",0,42,2,13,,Southampton,Priest / Minister,,0
"BYSTR?M, Mrs Karolina",1,42,2,13,,Southampton,,,0
"CALDWELL, Mr Albert Francis",0,26,2,29,,Southampton,,13,1
"CALDWELL, Mrs Sylvia Mae",1,28,2,29,,Southampton,,13,1
"CALDWELL, Master Alden Gates",0,1,2,29,,Southampton,,13,1
"CAMERON, Miss Clear Annie",1,35,2,21,,Southampton,,14,1
"CAMPBELL, Mr William Henry",0,21,2,NA,H&W Guarantee Group,Belfast,,,0
"CARBINES, Mr William",0,19,2,13,,Southampton,Miner,,0
"CARTER, Fr Ernest Courtenay",0,54,2,26,,Southampton,Priest / Minister,,0
"CARTER, Mrs Lilian",1,45,2,26,,Southampton,,,0
"CHAPMAN, Mr Charles Henry",0,52,2,13,,Southampton,,,0
"CHAPMAN, Mr John Henry",0,36,2,26,,Southampton,Farmer,,0
"CHAPMAN, Mrs Sara Elizabeth",1,28,2,26,,Southampton,,,0
"CHRISTY, Mrs Alice Frances",1,45,2,30,,Southampton,,12,1
"CHRISTY, Miss Rachel Julie Cohen",1,25,2,30,,Southampton,,12,1
"CLARKE, Mr Charles Valentine",0,29,2,26,,Southampton,Dairy Worker,,0
"CLARKE, Mrs Ada Maria",1,28,2,27,,Southampton,,14,1
"CLARKE, Mr John Frederick Preston",0,30,2,NA,Musician,Southampton,Musician,,0
"COLERIDGE, Mr Reginald Charles",0,29,2,10,,Southampton,Advertising Consultant,,0
"COLLANDER, Mr Erik Gustaf",0,27,2,13,,Southampton,,,0
"COLLETT, Mr Sidney Clarence Stuart",0,25,2,10,,Southampton,,9,1
"COLLYER, Mr Harvey",0,31,2,26,,Southampton,Grocer,,0
"COLLYER, Mrs Charlotte Annie",1,31,2,26,,Southampton,,14,1
"COLLYER, Miss Marjorie Charlotte ""Lottie""",1,8,2,26,,Southampton,,14,1
"COOK, Mrs Selena",1,22,2,10,,Southampton,,14,1
"CORBETT, Mrs Irene",1,30,2,13,,Southampton,Musician,,0
"COREY, Mrs Mary Phyllis Elizabeth",1,30,2,21,,Southampton,,,0
"COTTERILL, Mr Henry ""Harry""",0,20,2,11,,Southampton,Carpenter / Joiner,,0
"CUNNINGHAM, Mr Alfred Fleming",0,21,2,NA,H&W Guarantee Group,Belfast,Fitter,,0
"DAVIES, Mr Charles Henry",0,21,2,73,,Southampton,,,0
"DAVIES, Mrs Elizabeth Agnes Mary",1,48,2,36,,Southampton,,14,1
"DAVIES, Master John Morgan jr",0,8,2,36,,Southampton,,14,1
"DAVIS, Miss Mary",1,28,2,13,,Southampton,,13,1
"DEACON, Mr Percy William",0,20,2,73,,Southampton,,,0
"DEL CARLO, Mr Sebastiano",0,29,2,27,,Cherbourg,,,0
"DEL CARLO, Mrs Argene",1,24,2,27,,Cherbourg,,11,1
"DENBUOY, Mr Albert (""Herbert"")",0,25,2,31,,Southampton,,,0
"DIBDEN, Mr William",0,18,2,73,,Southampton,,,0
"DOLING, Mrs Ada Julia",1,34,2,23,,Southampton,,,0
"DOLING, Miss Elsie",1,18,2,23,,Southampton,,,0
"DOUTON, Mr William Joseph",0,55,2,26,,Southampton,Quarryman,,0
"DREW, Mr James Vivian",0,42,2,32,,Southampton,,,0
"DREW, Mrs Lulu Thorne",1,34,2,32,,Southampton,,10,1
"DREW, Master Marshall Brines",0,8,2,32,,Southampton,,10,1
"DURAN Y MORE, Miss Florentina",1,30,2,13,,Cherbourg,,12,1
"DURAN Y MORE, Miss Asuncion",1,27,2,13,,Cherbourg,,12,1
"EITEMILLER, Mr George Floyd",0,23,2,13,,Southampton,,,0
"ENANDER, Mr Ingvar",0,21,2,13,,Southampton,,,0
"FAHLSTR?M, Mr Arne Joma",0,18,2,13,,Southampton,,,0
"FAUNTHORPE, Mr Harry Bartram",0,40,2,26,,Southampton,,,0
"FILLBROOK, Mr Joseph Charles",0,18,2,10,,Southampton,Painter & Decorator,,0
"FOX, Mr Stanley Hubert",0,38,2,13,,Southampton,,,0
"FROST, Mr Anthony Wood",0,37,2,NA,H&W Guarantee Group,Belfast,Fitter,,0
"FUNK, Miss Annie Clemmer",1,38,2,13,,Southampton,Missionary,,0
"FYNNEY, Mr Joseph J.",0,35,2,26,,Southampton,,,0
"GALE, Mr Harry",0,38,2,21,,Southampton,Miner,,0
"GALE, Mr Shadrach",0,33,2,21,,Southampton,Miner,,0
"GARSIDE, Miss Ethel",1,34,2,13,,Southampton,,12,1
"GASKELL, Mr Alfred",0,16,2,26,,Southampton,,,0
"GAVEY, Mr Laurence",0,26,2,10,,Southampton,,,0
"GILBERT, Mr William",0,47,2,10,,Southampton,,,0
"GILES, Mr Edgar",0,21,2,11,,Southampton,Carpenter / Joiner,,0
"GILES, Mr Frederick Edward",0,20,2,11,,Southampton,Carpenter / Joiner,,0
"GILES, Mr Ralph",0,24,2,13,,Southampton,,,0
"GILL, Mr John William",0,24,2,13,,Southampton,Chauffeur,,0
"GILLESPIE, Mr William Henry",0,34,2,13,,Southampton,Clerk,,0
"GIVARD, Mr Hans Kristensen",0,30,2,13,,Southampton,,,0
"GREENBERG, Mr Samuel",0,52,2,13,,Southampton,,,0
"HALE, Mr Reginald",0,30,2,13,,Southampton,Gardener,,0
"H?M?L?INEN, Mrs Anna",1,23,2,14,,Southampton,,4,1
"H?M?L?INEN, Master Viljo Unto Johannes",0,1,2,14,,Southampton,,4,1
"HARBECK, Mr William H.",0,44,2,13,,Southampton,Cinematographer,,0
"HARPER, Rev. John",0,39,2,33,,Southampton,Priest / Minister,,0
"HARPER, Miss Annie Jessie",1,6,2,33,,Southampton,,11,1
"HARRIS, Mr George",0,62,2,10,,Southampton,,15,1
"HARRIS, Mr Walter",0,30,2,10,,Southampton,,,0
"HART, Mr Benjamin",0,47,2,26,,Southampton,Builder,,0
"HART, Mrs Esther Ada",1,48,2,26,,Southampton,,14,1
"HART, Miss Eva Miriam",1,7,2,26,,Southampton,,14,1
"HARTLEY, Mr Wallace Henry",0,33,2,NA,Musician,Southampton,Musician,,0
"HERMAN, Mr Samuel",0,49,2,65,,Southampton,Farmer,,0
"HERMAN, Mrs Jane",1,48,2,65,,Southampton,,9,1
"HERMAN, Miss Alice",1,24,2,65,,Southampton,,9,1
"HERMAN, Miss Kate",1,24,2,65,,Southampton,,9,1
"HEWLETT, Mrs Mary Dunbar",1,56,2,16,,Southampton,,13,1
"HICKMAN, Mr Leonard Mark",0,24,2,73,,Southampton,,,0
"HICKMAN, Mr Lewis",0,30,2,73,,Southampton,,,0
"HICKMAN, Mr Stanley George",0,20,2,73,,Southampton,,,0
"HILTUNEN, Miss Marta",1,18,2,13,,Southampton,,,0
"HOCKING, Mr Richard George",0,23,2,11,,Southampton,Baker,,0
"HOCKING, Mrs Elizabeth ""Eliza""",1,54,2,23,,Southampton,,4,1
"HOCKING, Miss Ellen ""Nellie""",1,20,2,23,,Southampton,,4,1
"HOCKING, Mr Samuel James Metcalfe",0,36,2,13,,Southampton,Painter & Decorator,,0
"HODGES, Mr Henry Price",0,50,2,13,,Southampton,Musical Instrument Vendor,,0
"HOLD, Mr Stephen",0,44,2,26,,Southampton,Clerk,,0
"HOLD, Mrs Annie Margaret",1,29,2,26,,Southampton,,10,1
"HOOD, Mr Ambrose Jr",0,22,2,73,,Southampton,,,0
"HOSONO, Mr Masabumi",0,41,2,13,,Southampton,Civil Servant,10,1
"HOWARD, Mr Benjamin",0,63,2,26,,Southampton,Retired,,0
"HOWARD, Mrs Ellen Truelove",1,60,2,26,,Southampton,,,0
"HUME, Mr John Law",0,29,2,NA,Musician,Southampton,Musician,,0
"HUNT, Mr George Henry",0,33,2,12,,Southampton,Gardener,,0
"ILETT, Miss Bertha",1,17,2,10,,Southampton,,,0
"JACOBSOHN, Mr Sidney Samuel",0,40,2,27,,Southampton,,,0
"JACOBSOHN, Mrs Amy Frances Christy",1,24,2,27,,Southampton,,12,1
"JARVIS, Mr Denzil John",0,47,2,15,,Southampton,Engineer,,0
"JEFFERYS, Mr Clifford Thomas",0,24,2,31,,Southampton,,,0
"JEFFERYS, Mr Ernest Wilfred",0,22,2,31,,Southampton,,,0
"JENKIN, Mr Stephen Curnow",0,32,2,10,,Southampton,Miner,,0
"JERWAN, Mrs Marie Marthe",1,23,2,13,,Cherbourg,,11,1
"KANTOR, Mr Sinai",0,34,2,26,,Southampton,,,0
"KANTOR, Mrs Miriam",1,24,2,26,,Southampton,,12,1
"KARNES, Mrs Claire",1,28,2,21,,Southampton,,,0
"KEANE, Mr Daniel",0,35,2,12,,Queenstown,,,0
"KEANE, Miss Nora Agnes",1,46,2,12,,Queenstown,,10,1
"KELLY, Mrs Florence ""Fannie""",1,45,2,13,,Southampton,,9,1
"KIRKLAND, Fr Charles Leonard",0,52,2,12,,Queenstown,Priest / Minister,,0
"KNIGHT, Mr Robert J.",0,39,2,NA,H&W Guarantee Group,Belfast,Fitter,,0
"KRINS, Mr Georges Alexandre",0,23,2,NA,Musician,Southampton,Musician,,0
"KVILLNER, Mr Johan Henrik Johannesson",0,31,2,10,,Southampton,Mechanical Engineer,,0
"LAHTINEN, Fr William",0,35,2,26,,Southampton,Priest / Minister,,0
"LAHTINEN, Mrs Anna Amelia",1,34,2,26,,Southampton,,,0
"LAMB, Mr John Joseph",0,30,2,10,,Queenstown,Gentleman,,0
"LAROCHE, Mr Joseph Philippe Lemercier",0,25,2,41,,Cherbourg,Engineer,,0
"LAROCHE, Mrs Juliette Marie Louise",1,22,2,41,,Cherbourg,,14,1
"LAROCHE, Miss Louise",1,1,2,41,,Cherbourg,,14,1
"LAROCHE, Miss Simonne Marie Anne Andr?e",1,3,2,41,,Cherbourg,,14,1
"LEHMANN, Miss Bertha",1,17,2,12,,Cherbourg,,12,1
"LEITCH, Miss Jessie Wills",1,31,2,33,,Southampton,,11,1
"LEMORE, Mrs Amelia ""Milley""",1,34,2,10,,Southampton,,14,1
"L?VY, Mr Ren? Jacques",0,36,2,12,,Southampton,Chemist,,0
"LEYSON, Mr Robert William Norman",0,25,2,10,,Southampton,Engineer,,0
"LINNANE, Mr John",0,61,2,12,,Queenstown,Gentleman,,0
"LOUCH, Mr Charles Alexander",0,50,2,26,,Southampton,Saddler,,0
"LOUCH, Mrs Alice Adelaide",1,42,2,26,,Southampton,,,0
"LUNDIN, Miss Olga Elida",1,23,2,7,,Southampton,,10,1
"MACK, Mrs Mary",1,57,2,10,,Southampton,,,0
"MALACHARD, Mr Jean-No?l",0,25,2,15,,Cherbourg,,,0
"MALLET, Mr Albert",0,31,2,37,,Cherbourg,Merchant,,0
"MALLET, Mrs Antonine Marie",1,24,2,37,,Cherbourg,,10,1
"MALLET, Master Andr? Clement",0,1,2,37,,Cherbourg,,10,1
"MANGIAVACCHI, Mr Serafino Emilio",0,30,2,15,,Cherbourg,Clerk,,0
"MATTHEWS, Mr William John",0,30,2,13,,Southampton,China Clay Worker,,0
"MAYBERY, Mr Frank Hubert",0,36,2,16,,Southampton,Property Developer / Real Estate,,0
"MCCRAE, Mr Arthur Gordon",0,32,2,13,,Southampton,Engineer,,0
"MCCRIE, Mr James Matthew",0,30,2,13,,Southampton,Oil Worker,,0
"MCKANE, Mr Peter David",0,46,2,26,,Southampton,,,0
"MELLINGER, Mrs Elizabeth Anne",1,41,2,19,,Southampton,,14,1
"MELLINGER, Miss Madeleine Violet",1,13,2,19,,Southampton,,14,1
"MELLORS, Mr William John",0,19,2,10,,Southampton,Salesman,B,1
"MEYER, Mr August",0,31,2,13,,Southampton,Baker,,0
"MILLING, Mr Jacob Christian",0,48,2,13,,Southampton,Machine Inspector,,0
"MITCHELL, Mr Henry Michael",0,71,2,10,,Southampton,Coach Painter,,0
"MONTVILA, Fr Juozas",0,27,2,13,,Southampton,Priest / Minister,,0
"MORAWECK, Dr Ernest",0,54,2,14,,Southampton,Doctor,,0
"MORLEY, Mr Henry Samuel",0,38,2,26,,Southampton,Confectioner,,0
"MUDD, Mr Thomas Charles",0,16,2,10,,Southampton,,,0
"MYLES, Mr Thomas Francis",0,63,2,9,,Queenstown,Gentleman,,0
"NASSER, Mr Nicholas",0,28,2,30,,Cherbourg,,,0
"NASSER, Mrs Adele",1,14,2,30,,Cherbourg,,,0
"NAVRATIL, Mr Michel",0,32,2,26,,Southampton,,,0
"NAVRATIL, Master Edmond Roger",0,2,2,26,,Southampton,,D,1
"NAVRATIL, Master Michel Marcel",0,3,2,26,,Southampton,,D,1
"NESSON, Mr Israel",0,26,2,13,,Southampton,Electrician,,0
"NICHOLLS, Mr Joseph Charles",0,19,2,36,,Southampton,Miner,,0
"NORMAN, Mr Robert Douglas",0,28,2,13,,Southampton,Electrical Engineer,,0
"NYE, Mrs Elizabeth",1,29,2,10,,Southampton,,11,1
"OTTER, Mr Richard",0,38,2,13,,Southampton,Stone Cutter,,0
"OXENHAM, Mr Percy Thomas",0,22,2,10,,Southampton,Mason,13,1
"PADRON MANENT, Mr Julian",0,26,2,13,,Cherbourg,Chauffeur,9,1
"PAIN, Dr Alfred",0,23,2,10,,Southampton,Doctor,,0
"PALLAS Y CASTELLO, Mr Emilio",0,29,2,13,,Cherbourg,,9,1
"PARKER, Mr Clifford Richard",0,28,2,10,,Southampton,Clerk,,0
"PARKES, Mr Francis ""Frank""",0,18,2,NA,H&W Guarantee Group,Belfast,Plumber,,0
"PARRISH, Mrs Lutie Davis",1,59,2,26,,Southampton,,12,1
"PENGELLY, Mr Frederick William",0,19,2,10,,Southampton,Miner,,0
"PERNOT, Mr Ren?",0,39,2,15,Servant,Cherbourg,Chauffeur,,0
"PERUSCHITZ, Fr Josef",0,41,2,13,,Southampton,Priest / Minister,,0
"PHILLIPS, Mr Escott Robert",0,42,2,21,,Southampton,,,0
"PHILLIPS, Miss Alice Frances Louisa",1,21,2,21,,Southampton,,12,1
"PHILLIPS, Miss Kate Florence",1,19,2,26,,Southampton,,11,1
"PINSKY, Mrs Rosa",1,32,2,13,,Southampton,,9,1
"PONESELL, Mr Martin",0,24,2,13,,Southampton,,,0
"PORTALUPPI, Mr Emilio Ilario Giuseppe",0,30,2,12,,Cherbourg,,14,1
"PULBAUM, Mr Franz",0,27,2,15,,Cherbourg,,,0
"QUICK, Mrs Jane",1,33,2,26,,Southampton,,11,1
"QUICK, Miss Winifred Vera",1,8,2,26,,Southampton,,11,1
"QUICK, Miss Phyllis May",1,2,2,26,,Southampton,,11,1
"REEVES, Mr David",0,36,2,10,,Southampton,Carpenter / Joiner,,0
"RENOUF, Mr Peter Henry",0,33,2,21,,Southampton,Carpenter / Joiner,,0
"RENOUF, Mrs Lillian",1,30,2,21,,Southampton,,,0
"REYNALDO, Ms Encarnacion",1,28,2,13,,Southampton,,9,1
"RICHARD, Mr Emile Phillippe",0,23,2,15,,Cherbourg,,,0
"RICHARDS, Mrs Emily",1,24,2,18,,Southampton,,4,1
"RICHARDS, Master William Rowe",0,3,2,18,,Southampton,,4,1
"RICHARDS, Master Sibley George",0,1,2,18,,Southampton,,4,1
"RIDSDALE, Miss Lucy",1,50,2,10,,Southampton,,13,1
"ROGERS, Mr Reginald Harry",0,18,2,10,,Southampton,,,0
"RUGG, Miss Emily",1,21,2,10,,Southampton,,12,1
"SCHMIDT, Mr August",0,26,2,13,,Southampton,,,0
"SEDGWICK, Mr Charles Frederick Waddington",0,25,2,13,,Southampton,,,0
"SHARP, Mr Percival James R.",0,27,2,26,,Southampton,,,0
"SHELLEY, Mrs Imanita Parrish",1,25,2,26,,Southampton,,12,1
"SILV?N, Miss Lyyli Karoliina",1,17,2,13,,Southampton,,16,1
"SINCOCK, Miss Maude",1,20,2,36,,Southampton,,11,1
"SINKKONEN, Miss Anna",1,30,2,13,,Southampton,,10,1
"SJ?STEDT, Mr Ernst Adolf",0,59,2,13,,Southampton,,,0
"SLAYTER, Miss Hilda Mary",1,30,2,12,,Queenstown,,13,1
"SLEMEN, Mr Richard James",0,35,2,10,,Southampton,,,0
"SMITH, Miss Marion Elsie",1,39,2,13,,Southampton,,9,1
"SOBEY, Mr Samuel James Hayden",0,25,2,13,,Southampton,Quarryman,,0
"STANTON, Mr Samuel Ward",0,42,2,15,,Cherbourg,,,0
"STOKES, Mr Philip Joseph",0,25,2,10,,Southampton,Bricklayer,,0
"SWANE, Mr George",0,26,2,13,Servant,Southampton,Chauffeur,,0
"SWEET, Mr George Frederick",0,14,2,65,,Southampton,Farm Labourer,,0
"TAYLOR, Mr Percy Cornelius",0,32,2,NA,Musician,Southampton,Musician,,0
"TOOMEY, Miss Ellen Mary",1,48,2,10,,Southampton,Servant,9,1
"TROUPIANSKY, Mr Moses Aaron",0,23,2,13,,Southampton,Shop Assistant,,0
"TROUT, Mrs Jessie L.",1,26,2,12,,Southampton,,9,1
"TROUTT, Miss Edwina Celia",1,27,2,10,,Southampton,,16,1
"TURPIN, Mr William John Robert",0,29,2,21,,Southampton,Carpenter / Joiner,,0
"TURPIN, Mrs Dorothy Ann",1,27,2,21,,Southampton,Housewife,,0
"VEAL, Mr James",0,40,2,13,,Southampton,,,0
"WALLCROFT, Miss Ellen ""Nellie""",1,36,2,21,,Southampton,,14,1
"WARE, Mr John James",0,45,2,21,,Southampton,,,0
"WARE, Mrs Florence Louise",1,31,2,21,,Southampton,,10,1
"WARE, Mr William Jeffery",0,23,2,10,,Southampton,,,0
"WATSON, Mr Ennis Hastings",0,15,2,NA,H&W Guarantee Group,Belfast,Apprentice Electrician,,0
"WATT, Mrs Elizabeth ""Bessie"" Inglis",1,40,2,15,,Southampton,,9,1
"WATT, Miss Robertha Josephine ""Bertha""",1,12,2,15,,Southampton,,9,1
"WEBBER, Miss Susan",1,37,2,13,,Southampton,,12,1
"WEISZ, Mr Leopold",0,28,2,26,,Southampton,,,0
"WEISZ, Mrs Mathilde Fran?oise",1,37,2,26,,Southampton,,10,1
"WELLS, Mrs ""Addie"" Dart",1,29,2,23,,Southampton,,14,1
"WELLS, Miss Joan",1,4,2,23,,Southampton,,14,1
"WELLS, Master Ralph Lester",0,2,2,23,,Southampton,,14,1
"WEST, Mr Edwy Arthur",0,36,2,27,,Southampton,,,0
"WEST, Mrs Ada Mary",1,33,2,27,,Southampton,,10,1
"WEST, Miss Constance Mirium",1,4,2,27,,Southampton,,10,1
"WEST, Miss Barbara Joyce",1,1,2,27,,Southampton,,10,1
"WHEADON, Mr Edward H.",0,66,2,10,,Southampton,Farmer,,0
"WHEELER, Mr Edwin Charles ""Fred""",0,24,2,12,Servant,Southampton,Servant,,0
"WILHELMS, Mr Charles",0,32,2,13,,Southampton,,9,1
"WILKINSON, Mrs Elizabeth Anne",1,35,2,26,,Southampton,,16,1
"WILLIAMS, Mr Charles Eugene",0,23,2,13,,Southampton,Sportsman,14,1
"WOODWARD, Mr John Wesley",0,32,2,NA,Musician,Southampton,Musician,,0
"WRIGHT, Miss Marion",1,26,2,13,,Southampton,,9,1
"YVOIS, Miss Henriette",1,24,2,13,,Southampton,,,0
"ABBING, Mr Anthony",0,42,3,7,,Southampton,Blacksmith,,0
"ABBOTT, Mrs Rhoda Mary 'Rosa'",1,39,3,20,,Southampton,,A,1
"ABBOTT, Mr Rossmore Edward",0,16,3,20,,Southampton,Jeweller,,0
"ABBOTT, Mr Eugene Joseph",0,14,3,20,,Southampton,Scholar,,0
"ABELSETH, Miss Karen Marie",1,16,3,7,,Southampton,,16,1
"ABELSETH, Mr Olaus J?rgensen",0,25,3,7,,Southampton,Farmer,A,1
"ABRAHAMSSON, Mr Abraham August Johannes",0,20,3,7,,Southampton,,15,1
"ABRAHIM, Mrs Mary Sophie Halaut",1,18,3,7,,Cherbourg,,C,1
"?DAHL, Mr Mauritz Nils Martin",0,30,3,7,,Southampton,General Labourer,,0
"ADAMS, Mr John",0,26,3,8,,Southampton,,,0
"AHLIN, Mrs Johanna Persdotter",1,40,3,9,,Southampton,,,0
"AKS, Mrs Leah",1,18,3,9,,Southampton,,13,1
"AKS, Master Frank Philip",0,1,3,9,,Southampton,,11,1
"ALBIMONA, Mr Nassef Cassem",0,26,3,18,,Cherbourg,,15,1
"ALEXANDER, Mr William",0,23,3,7,,Southampton,General Labourer,,0
"ALHOM?KI, Mr Ilmari Rudolf",0,19,3,7,,Southampton,General Labourer,,0
"ALI, Mr Ahmed",0,24,3,7,,Southampton,General Labourer,,0
"ALI, Mr William",0,25,3,7,,Southampton,General Labourer,,0
"ALLEN, Mr William Henry",0,35,3,8,,Southampton,Tool Maker,,0
"ALLUM, Mr Owen George",0,15,3,8,,Southampton,Gardener,,0
"ANDERSEN, Mr Albert Karvin",0,33,3,22,,Southampton,Engineer,,0
"ANDERSEN-JENSEN, Miss Carla Christine Nielsine",1,19,3,7,,Southampton,,16,1
"ANDERSSON, Miss Erna Alexandra",1,17,3,7,,Southampton,,D,1
"ANDERSSON, Mr Johan Samuel",0,26,3,7,,Southampton,General Labourer,,0
"ANDERSSON, Miss Ida Augusta Margareta",1,38,3,7,,Southampton,,,0
"ANDERSSON, Mr Anders Johan",0,39,3,31,,Southampton,General Labourer,,0
"ANDERSSON, Mrs Alfrida Konstantia Brogren",1,39,3,31,,Southampton,,,0
"ANDERSSON, Miss Sigrid Elisabeth",1,11,3,31,,Southampton,,,0
"ANDERSSON, Miss Ingeborg Constanzia",1,9,3,31,,Southampton,,,0
"ANDERSSON, Miss Ebba Iris Alfrida",1,6,3,31,,Southampton,,,0
"ANDERSSON, Master Sigvard Harald Elias",0,4,3,31,,Southampton,,,0
"ANDERSSON, Miss Ellis Anna Maria",1,2,3,31,,Southampton,,,0
"ANDREASSON, Mr Paul Edvin",0,20,3,7,,Southampton,General Labourer,,0
"ANGHELOFF, Mr Minko",0,26,3,7,,Southampton,General Labourer,,0
"ARNOLD-FRANCHI, Mr Josef",0,25,3,17,,Southampton,General Labourer,,0
"ARNOLD-FRANCHI, Mrs Josefine",1,18,3,17,,Southampton,,,0
"ARONSSON, Mr Ernst Axel Algot",0,24,3,7,,Southampton,General Labourer,,0
"ASIM, Mr Adola",0,35,3,7,,Southampton,General Labourer,,0
"ASPLUND, Master Edvin Rojj Felix",0,3,3,31,,Southampton,,15,1
"ASPLUND, Mr Johan Charles",0,23,3,7,,Southampton,,13,1
"ASPLUND, Mr Carl Oscar Vilhelm Gustafsson",0,40,3,31,,Southampton,General Labourer,,0
"ASPLUND, Mrs Selma Augusta Emilia",1,38,3,31,,Southampton,,15,1
"ASPLUND, Master Carl Edgar",0,5,3,31,,Southampton,,,0
"ASPLUND, Master Filip Oscar",0,13,3,31,,Southampton,,,0
"ASPLUND, Master Clarence Gustaf Hugo",0,9,3,31,,Southampton,,,0
"ASPLUND, Miss Lillian Gertrud",1,5,3,31,,Southampton,,15,1
"ASSAF, Mrs Mariana",1,45,3,7,,Cherbourg,,C,1
"ASSAM, Mr Ali",0,23,3,7,,Southampton,General Labourer,,0
"ATTALA, Mr Sleiman",0,27,3,7,,Cherbourg,Journalist,,0
"ATTALAH, Miss Malake",1,17,3,14,,Cherbourg,,,0
"AUGUSTSSON, Mr Albert",0,23,3,7,,Southampton,General Labourer,,0
"AYOUB DAHER, Miss Banoura",1,15,3,7,,Cherbourg,,C,1
"BACCOS, Mr Raffull",0,20,3,7,,Cherbourg,Farm Labourer,,0
"BACKSTR?M, Mr Karl Alfred",0,32,3,15,,Southampton,General Labourer,,0
"BACKSTR?M, Mrs Maria Mathilda",1,33,3,15,,Southampton,,D,1
"BACLINI, Mrs Latifa",1,24,3,19,,Cherbourg,,C,1
"BACLINI, Miss Marie Catherine",1,5,3,19,,Cherbourg,,C,1
"BACLINI, Miss Eugenie",1,3,3,19,,Cherbourg,,C,1
"BACLINI, Miss Helene Barbara",1,1,3,19,,Cherbourg,,C,1
"BADMAN, Miss Emily Louisa",1,18,3,8,,Southampton,Servant,C,1
"BADT, Mr Mohamed",0,40,3,7,,Cherbourg,Farmer,,0
"BALKIC, Mr Cerin",0,26,3,7,,Southampton,General Labourer,,0
"BANSKI, Mrs Mara",1,31,3,8,,Southampton,,,0
"BARBARA, Mrs Catherine David",1,45,3,14,,Cherbourg,Housekeeper,,0
"BARBARA, Miss Saiide",1,18,3,14,,Cherbourg,Housekeeper,,0
"BARRY, Miss Julia",1,26,3,7,,Queenstown,Housekeeper,,0
"BARTON, Mr David John",0,22,3,8,,Southampton,General Labourer,,0
"BEAVAN, Mr William Thomas",0,18,3,8,,Southampton,General Labourer,,0
"BENGTSSON, Mr Johan Viktor",0,26,3,7,,Southampton,General Labourer,,0
"BERGLUND, Mr Karl Ivar Sven",0,22,3,9,,Southampton,General Labourer,,0
"BETROS, Mr Tannous",0,20,3,7,,Cherbourg,Shoemaker,,0
"BING, Mr Lee",0,32,3,56,,Southampton,Seaman,C,1
"BIRKELAND, Mr Hans Martin Monsen",0,21,3,7,,Southampton,Seaman,,0
"BJ?RKLUND, Mr Ernst Herbert",0,18,3,7,,Southampton,General Labourer,,0
"BOSTANDYEFF, Mr Guentcho",0,26,3,7,,Southampton,General Labourer,,0
"BOULOS, Mrs Sultana",1,40,3,15,,Cherbourg,,,0
"BOULOS, Miss Nourelain",1,7,3,15,,Cherbourg,,,0
"BOULOS, Master Akar",0,9,3,15,,Cherbourg,,,0
"BOURKE, Mr John",0,42,3,15,,Queenstown,Farmer,,0
"BOURKE, Mrs Catherine",1,32,3,15,,Queenstown,Housewife,,0
"BOURKE, Miss Mary",1,40,3,7,,Queenstown,,,0
"BOWEN, Mr David John ""Dai""",0,26,3,16,,Southampton,Pugilist,,0
"BRADLEY, Miss Bridget Delia",1,22,3,7,,Queenstown,,13,1
"BRAF, Miss Elin Ester Maria",1,20,3,7,,Southampton,Servant,,0
"BRAUND, Mr Lewis Richard",0,29,3,7,,Southampton,Farm Labourer,,0
"BRAUND, Mr Owen Harris",0,22,3,7,,Southampton,Ironmonger,,0
"BROBECK, Mr Karl Rudolf",0,22,3,7,,Southampton,Farm Labourer,,0
"BROCKLEBANK, Mr William Alfred",0,35,3,8,,Southampton,Groom,,0
"BUCKLEY, Mr Daniel",0,21,3,7,,Queenstown,Farm Labourer,13,1
"BUCKLEY, Miss Katherine",1,22,3,7,,Queenstown,,,0
"BURKE, Mr Jeremiah",0,19,3,6,,Queenstown,Farm Labourer,,0
"BURNS, Miss Mary Delia",1,17,3,7,,Queenstown,,,0
"CACIC, Mr Jego Grga",0,18,3,8,,Southampton,Farmer,,0
"CACIC, Mr Luka",0,38,3,8,,Southampton,Farmer,,0
"CACIC, Miss Marija",1,30,3,8,,Southampton,Farm Labourer,,0
"CACIC, Miss Manda",1,21,3,8,,Southampton,Farm Labourer,,0
"CALIC, Mr Petar",0,17,3,8,,Southampton,Farm Labourer,,0
"CALIC, Mr Jovo",0,17,3,8,,Southampton,,,0
"CANAVAN, Miss Mary",1,22,3,7,,Queenstown,,,0
"CANAVAN, Mr Patrick",0,21,3,7,,Queenstown,General Labourer,,0
"CANN, Mr Ernest Charles",0,21,3,8,,Southampton,Miner,,0
"CARAM, Mr Joseph",0,28,3,14,,Cherbourg,Merchant,,0
"CARAM, Mrs Maria Elias",1,18,3,14,,Cherbourg,Housekeeper,,0
"CARLSSON, Mr Carl Robert",0,24,3,7,,Southampton,General Labourer,,0
"CARLSSON, Mr August Sigfrid",0,28,3,7,,Southampton,Farmer,,0
"CARR, Miss Jane",1,45,3,7,,Queenstown,,,0
"CARVER, Mr Alfred John",0,28,3,7,,Southampton,Seaman,,0
"CELOTTI, Mr Francesco",0,24,3,8,,Southampton,Stoker,,0
"CHARTERS, Mr David",0,20,3,7,,Queenstown,General Labourer,,0
"CHEHAB/SHIHAB, Mr Emir Farres",0,29,3,7,,Cherbourg,General Labourer,,0
"CHIP, Mr Chang",0,32,3,56,,Southampton,Seaman,C,1
"CHRISTMANN, Mr Emil",0,29,3,8,,Southampton,Clerk,,0
"CHRONOPOULOS, Mr Apostolos M.",0,26,3,14,,Cherbourg,General Labourer,,0
"CHRONOPOULOS, Mr Dimitrios M.",0,21,3,14,,Cherbourg,General Labourer,,0
"COELHO, Mr Domingos Fernandeo",0,20,3,7,,Southampton,General Labourer,,0
"COHEN, Mr Gurshon ""Gus""",0,18,3,8,,Southampton,Printer / Compositor,12,1
"COLBERT, Mr Patrick",0,24,3,7,,Queenstown,General Labourer,,0
"COLEFF, Mr Satio",0,24,3,7,,Southampton,General Labourer,,0
"COLTCHEFF, Mr Peju",0,36,3,7,,Southampton,General Labourer,,0
"CONLON, Mr Thomas Henry",0,31,3,7,,Queenstown,General Labourer,,0
"CONNAGHTON, Mr Michael",0,31,3,7,,Queenstown,Farm Labourer,,0
"CONNOLLY, Miss Kate",1,23,3,7,,Queenstown,,13,1
"CONNOLLY, Miss Kate",1,35,3,7,,Queenstown,,,0
"CONNORS, Mr Patrick",0,66,3,7,,Queenstown,Farm Labourer,,0
"COOK, Mr Jacob",0,43,3,8,,Southampton,Wood Carver,,0
"COR, Mr Bartol",0,35,3,7,,Southampton,General Labourer,,0
"COR, Mr Ivan",0,27,3,7,,Southampton,General Labourer,,0
"COR, Mr Liudevit",0,19,3,7,,Southampton,General Labourer,,0
"CORN, Mr Harry",0,30,3,8,,Southampton,Upholsterer,,0
"CORR, Miss Helen",1,16,3,7,,Queenstown,,16,1
"COUTTS, Mrs Winnie ""Minnie""",1,36,3,15,,Southampton,,2,1
"COUTTS, Master William Loch ""Willie""",0,9,3,15,,Southampton,,2,1
"COUTTS, Master Neville Leslie",0,3,3,15,,Southampton,,2,1
"COXON, Mr Daniel",0,59,3,7,,Southampton,Dealer,,0
"CREASE, Mr Ernest James",0,19,3,8,,Southampton,Tinsmith,,0
"CRIBB, Mr John Hatfield",0,44,3,16,,Southampton,Butler,,0
"CRIBB, Miss Laura Mae",1,16,3,16,,Southampton,Shop Assistant,12,1
"CULUMOVIC, Mr Jeso",0,17,3,8,,Southampton,,,0
"DAHER, Mr Tannous",0,28,3,7,,Cherbourg,,,0
"DAHL, Mr Charles Edward",0,45,3,8,,Southampton,Carpenter / Joiner,15,1
"DAHLBERG, Miss Gerda Ulrika",1,22,3,10,,Southampton,,,0
"DAKIC, Mr Branko",0,19,3,10,,Southampton,General Labourer,,0
"DALY, Miss Margaret Marcella ""Maggie""",1,30,3,6,,Queenstown,Housekeeper,15,1
"DALY, Mr Eugene Patrick",0,29,3,7,,Queenstown,Farm Labourer,B,1
"DANBOM, Mr Ernst Gilbert",0,34,3,14,,Southampton,General Labourer,,0
"DANBOM, Mrs Anna Sigrid Maria",1,28,3,14,,Southampton,,,0
"DANBOM, Master Gilbert Sigvard Emanuel",0,1,3,14,,Southampton,,,0
"DANOFF, Mr Yoto",0,27,3,7,,Southampton,General Labourer,,0
"DANTCHEFF, Mr Ristiu",0,25,3,7,,Southampton,General Labourer,,0
"DAVIES, Mr Evan",0,22,3,8,,Southampton,Miner,,0
"DAVIES, Mr Alfred J.",0,24,3,24,,Southampton,Caster,,0
"DAVIES, Mr John Samuel",0,21,3,24,,Southampton,Ironworker,,0
"DAVIES, Mr Joseph",0,17,3,8,,Southampton,Ironworker,,0
"DAVISON, Mr Thomas Henry",0,32,3,16,,Southampton,Blacksmith,,0
"DAVISON, Mrs Mary E.",1,34,3,16,,Southampton,,16,1
"DE MESSEMAEKER, Mr Guillaume Joseph",0,36,3,17,,Southampton,,15,1
"DE MESSEMAEKER, Mrs Anna",1,36,3,17,,Southampton,,13,1
"DE MULDER, Mr Theodoor",0,30,3,9,,Southampton,,11,1
"DE PELSMAEKER, Mr Alfons",0,16,3,9,,Southampton,Farm Labourer,,0
"DEAN, Mr Bertram Frank",0,25,3,20,,Southampton,Farmer,,0
"DEAN, Mrs Eva Georgetta",1,32,3,20,,Southampton,,10,1
"DEAN, Master Bertram Vere",0,1,3,20,,Southampton,,10,1
"DEAN, Miss Elizabeth Gladys 'Millvina'",1,1,3,20,,Southampton,,10,1
"DELALIC, Mr Redjo",0,25,3,7,,Southampton,General Labourer,,0
"DENKOFF, Mr Mitto",0,30,3,7,,Southampton,General Labourer,,0
"DENNIS, Mr Samuel",0,22,3,7,,Southampton,Farmer,,0
"DENNIS, Mr William",0,26,3,7,,Southampton,Farmer,,0
"DEVANEY, Miss Margaret Delia",1,19,3,7,,Queenstown,,C,1
"DIKA, Mr Mirko",0,17,3,7,,Southampton,,,0
"DIMIC, Mr Jovan",0,42,3,8,,Southampton,,,0
"DINTCHEFF, Mr Valtcho",0,43,3,7,,Southampton,,,0
"DONOHOE, Miss Bridget",1,21,3,7,,Queenstown,,,0
"DOOLEY, Mr Patrick",0,38,3,7,,Queenstown,General Labourer,,0
"DORKING, Mr Edward Arthur",0,18,3,8,,Southampton,Groom,B,1
"DOUGHERTY, Mr William John",0,22,3,8,,Queenstown,,,0
"DOWDELL, Miss Elizabeth",1,31,3,12,,Southampton,Housekeeper,13,1
"DOYLE, Miss Elizabeth",1,24,3,7,,Queenstown,,,0
"DRAZENOVIC, Mr Jozef",0,33,3,7,,Cherbourg,General Labourer,,0
"DROPKIN, Miss Jennie",1,24,3,8,,Southampton,Box Maker,,0
"DUQUEMIN, Mr Joseph Pierre",0,19,3,7,,Southampton,Mason,D,1
"DWAN, Mr Frank",0,65,3,7,,Queenstown,Farm Labourer,,0
"DYKER, Mr Adolf Fredrik",0,23,3,13,,Southampton,General Labourer,,0
"DYKER, Mrs Anna Elisabeth Judith",1,22,3,13,,Southampton,,16,1
"EDVARDSSON, Mr Gustaf Hjalmar",0,18,3,7,,Southampton,General Labourer,,0
"EKLUND, Mr Hans Linus",0,16,3,7,,Southampton,General Labourer,,0
"EKSTR?M, Mr Johan",0,45,3,6,,Southampton,General Labourer,,0
"ELIAS, Mr Dibo",0,29,3,7,,Cherbourg,General Labourer,,0
"ELIAS, Mr Joseph jr.",0,15,3,7,,Cherbourg,General Labourer,,0
"ELIAS NASRALLAH, Mr Tannous",0,22,3,7,,Cherbourg,General Labourer,,0
"ELSBURY, Mr William James",0,47,3,7,,Southampton,Farmer,,0
"EMANUEL, Miss Virginia Ethel",1,5,3,12,,Southampton,,13,1
"ESTANISLAU, Mr Manuel Gon?alves",0,37,3,7,,Southampton,General Labourer,,0
"EVERETT, Mr Thomas James",0,39,3,15,,Southampton,Crane Operator,,0
"FARRELL, Mr James ""Jim""",0,25,3,7,,Queenstown,Farm Labourer,,0
"FINOLI, Mr Luigi",0,34,3,7,,Southampton,,15,1
"FISCHER, Mr Eberhard Thelander",0,18,3,7,,Southampton,,,0
"FLEMING, Miss Honora",1,22,3,7,,Queenstown,,,0
"FLYNN, Mr James",0,28,3,7,,Queenstown,General Labourer,,0
"FLYNN, Mr John",0,42,3,6,,Queenstown,Farm Labourer,,0
"FOLEY, Mr Joseph",0,19,3,7,,Queenstown,Farm Labourer,,0
"FOLEY, Mr William",0,20,3,7,,Queenstown,Farm Labourer,,0
"FOO, Mr Choong",0,32,3,56,,Southampton,Seaman,13,1
"FORD, Mr Arthur",0,22,3,8,,Southampton,Carpenter / Joiner,,0
"FORD, Mrs Margaret Ann Watson",1,48,3,34,,Southampton,Farmer,,0
"FORD, Miss Dollina Margaret",1,20,3,34,,Southampton,Servant,,0
"FORD, Mr Edward Watson",0,18,3,34,,Southampton,Blacksmith,,0
"FORD, Mr William Neal Thomas",0,16,3,34,,Southampton,Messenger,,0
"FORD, Miss Robina Maggie",1,7,3,34,,Southampton,,,0
"FOX, Mr Patrick",0,28,3,7,,Queenstown,General Labourer,,0
"FRANKLIN, Mr Charles (""Charles Fardon"")",0,38,3,7,,Southampton,Carpenter / Joiner,,0
"GALLAGHER, Mr Martin",0,29,3,7,,Queenstown,Farm Labourer,,0
"GARFIRTH, Mr John",0,21,3,14,,Southampton,Shoemaker,,0
"GEORGE/JOSEPH, Mrs Shawneene",1,38,3,7,,Cherbourg,,C,1
"GERIOS THAMAH, Mr Assaf",0,21,3,7,,Cherbourg,Farm Labourer,,0
"GHEORGHEFF, Mr Stanio",0,NA,3,7,,Cherbourg,General Labourer,,0
"GILINSKI, Mr Eliezer",0,22,3,8,,Southampton,Locksmith,,0
"GILNAGH, Miss Mary Katherine ""Katie""",1,17,3,7,,Queenstown,,16,1
"GLYNN, Miss Mary Agatha",1,19,3,7,,Queenstown,,13,1
"GOLDSMITH, Mr Frank John",0,33,3,20,,Southampton,Turner,,0
"GOLDSMITH, Mrs Emily Alice",1,31,3,20,,Southampton,,C,1
"GOLDSMITH, Master Frank John William",0,9,3,20,,Southampton,,C,1
"GOLDSMITH, Mr Nathan",0,41,3,7,,Southampton,Shoemaker,,0
"GOODWIN, Mr Frederick Joseph",0,42,3,46,,Southampton,Engineer,,0
"GOODWIN, Mrs Augusta",1,43,3,46,,Southampton,,,0
"GOODWIN, Miss Lillian Amy",1,16,3,46,,Southampton,Servant,,0
"GOODWIN, Mr Charles Edward",0,14,3,46,,Southampton,Scholar,,0
"GOODWIN, Master William Frederick",0,11,3,46,,Southampton,,,0
"GOODWIN, Miss Jessie Allis",1,10,3,46,,Southampton,,,0
"GOODWIN, Master Harold Victor",0,9,3,46,,Southampton,,,0
"GOODWIN, Master Sidney Leslie",0,1,3,46,,Southampton,,,0
"GREEN, Mr George Henry",0,40,3,8,,Southampton,Farrier,,0
"GR?NNESTAD, Mr Daniel Danielsen",0,32,3,8,,Southampton,General Labourer,,0
"GUEST, Mr Robert",0,23,3,8,,Southampton,General Labourer,,0
"GUSTAFSSON, Mr Karl Gideon",0,19,3,7,,Southampton,General Labourer,,0
"GUSTAFSSON, Mr Alfred Ossian",0,19,3,9,,Southampton,General Labourer,,0
"GUSTAFSSON, Mr Anders Vilhelm",0,37,3,7,,Southampton,General Labourer,,0
"GUSTAFSSON, Mr Johan Birger",0,28,3,7,,Southampton,,,0
"HAAS, Miss Aloisia",1,24,3,8,,Southampton,General Labourer,,0
"HAGLAND, Mr Ingvald Olai Olsen",0,28,3,6,,Southampton,General Labourer,,0
"HAGLAND, Mr Konrad Mathias Reiersen",0,19,3,6,,Southampton,General Labourer,,0
"HAKKARAINEN, Mr Pekka Pietari",0,28,3,15,,Southampton,General Labourer,,0
"HAKKARAINEN, Mrs Elin Matilda",1,24,3,15,,Southampton,,15,1
"HAMPE, Mr L?on J?rome",0,19,3,9,,Southampton,Painter & Decorator,,0
"HANNA, Mr Boulos",0,18,3,7,,Cherbourg,General Labourer,,0
"HANNA, Mr Mansour",0,35,3,7,,Cherbourg,,,0
"HANNAH, Mr Borak (""Hannah Assi Borah"")",0,27,3,7,,Cherbourg,,15,1
"HANSEN, Mr Claus Peter",0,41,3,14,,Southampton,Barber,,0
"HANSEN, Mrs Jennie Louise",1,45,3,14,,Southampton,,11,1
"HANSEN, Mr Henry Damsgaard",0,21,3,7,,Southampton,Manufacturer,,0
"HANSEN, Mr Henrik Juul",0,26,3,7,,Southampton,Farmer,,0
"HARGADON, Miss Catherine ""Kate""",1,17,3,7,,Queenstown,,,0
"HARKNETT, Miss Alice Phoebe",1,21,3,7,,Southampton,Servant,,0
"HART, Mr Henry",0,28,3,6,,Queenstown,General Labourer,,0
"HASSAN ABILMONA, Mr Houssein Mohamed",0,11,3,18,,Cherbourg,,,0
"HEALY, Miss Hanora ""Nora""",1,29,3,7,,Queenstown,,16,1
"HEDMAN, Mr Oskar Arvid",0,27,3,6,,Southampton,Settler Recruiter,15,1
"HEE, Mr Ling",0,24,3,56,,Southampton,Seaman,C,1
"HEGARTY, Miss Hanora ""Nora""",1,18,3,6,,Queenstown,,,0
"HEIKKINEN, Miss Laina",1,26,3,7,,Southampton,,,0
"HEININEN, Miss Wendla Maria",1,23,3,7,,Southampton,Servant,,0
"HELLSTR?M, Miss Hilda Maria",1,22,3,8,,Southampton,,C,1
"HENDEKOVIC, Mr Ignjac",0,28,3,7,,Southampton,General Labourer,,0
"HENRIKSSON, Miss Jenny Lovisa",1,28,3,7,,Southampton,Servant,,0
"HENRY, Miss Bridget Delia",1,21,3,7,,Queenstown,,,0
"HIRVONEN, Mrs Helga Elisabeth Lindqvist",1,22,3,12,,Southampton,,15,1
"HIRVONEN, Miss Hildur Elisabeth",1,2,3,12,,Southampton,,15,1
"HOLM, Mr John Fredrik Alexander",0,43,3,6,,Southampton,Farmer,,0
"HOLTHEN, Mr Johan Martin",0,28,3,22,,Southampton,Seaman,,0
"HONKANEN, Miss Eliina",1,27,3,7,,Southampton,,,0
"HORGAN, Mr John",0,22,3,7,,Queenstown,General Labourer,,0
"HOWARD, Miss May Elizabeth",1,27,3,8,,Southampton,Laundry Worker,C,1
"HUMBLEN, Mr Adolf Mathias Nicolai Olsen",0,42,3,7,,Southampton,Farmer,,0
"HYMAN, Mr Abraham Joseph",0,34,3,7,,Southampton,Framer,C,1
"IBRAHIM SHAWAH, Mr Yousseff",0,33,3,14,,Cherbourg,,,0
"ILIEFF, Mr Ylio",0,32,3,7,,Southampton,General Labourer,,0
"ILMAKANGAS, Miss Ida Livija",1,27,3,7,,Southampton,Servant,,0
"ILMAKANGAS, Miss Pieta Sofia",1,25,3,7,,Southampton,Servant,,0
"IVANOFF, Mr Kanio",0,20,3,7,,Southampton,General Labourer,,0
"JABBUR (ZABOUR), Miss Thamine",1,19,3,14,,Cherbourg,Housekeeper,,0
"JABBUR (ZABOUR), Miss Hileni",1,16,3,14,,Cherbourg,Housekeeper,,0
"JAL?EVAC, Mr Ivan",0,29,3,7,,Cherbourg,,15,1
"JANSSON, Mr Carl Olof",0,21,3,7,,Southampton,,A,1
"JARDIM, Mr Jos? Neto",0,21,3,7,,Southampton,General Labourer,,0
"JENSEN, Mr Hans Peder",0,20,3,7,,Southampton,,,0
"JENSEN, Mr Svend Lauritz",0,17,3,7,,Southampton,Farmer,,0
"JENSEN, Mr Niels Peder (""Rasmus"")",0,48,3,7,,Southampton,Farmer,,0
"JERMYN, Miss Annie Jane",1,26,3,7,,Queenstown,,D,1
"JOHANNESEN, Mr Bernt Johannes",0,29,3,8,,Southampton,,13,1
"JOHANSON, Mr Jakob Alfred",0,34,3,6,,Southampton,General Labourer,,0
"JOHANSSON, Mr Nils",0,29,3,7,,Southampton,General Labourer,,0
"JOHANSSON, Mr Erik",0,22,3,7,,Southampton,General Labourer,,0
"JOHANSSON, Mr Gustaf Joel",0,33,3,8,,Southampton,,,0
"JOHANSSON, Mr Karl Johan",0,31,3,7,,Southampton,,,0
"JOHANSSON PALMQUIST, Mr Oskar Leander",0,26,3,7,,Southampton,,15,1
"JOHNSON, Mr Alfred",0,49,3,NA,,Southampton,Seaman,,0
"JOHNSON, Mr William Cahoone Jr.",0,19,3,NA,,Southampton,Seaman,,0
"JOHNSON, Mr Malkolm Joackim",0,33,3,7,,Southampton,General Labourer,,0
"JOHNSON, Mrs Elisabeth Vilhelmina",1,26,3,11,,Southampton,,15,1
"JOHNSON, Master Harold Theodor",0,4,3,11,,Southampton,,15,1
"JOHNSON, Miss Eleanor Ileen",1,1,3,11,,Southampton,,15,1
"JOHNSTON, Mr Andrew Emslie",0,35,3,23,,Southampton,Plumber,,0
"JOHNSTON, Mrs Eliza",1,34,3,23,,Southampton,,,0
"JOHNSTON, Master William Andrew",0,8,3,23,,Southampton,,,0
"JOHNSTON, Miss Catherine Nellie",1,7,3,23,,Southampton,,,0
"JONKOFF, Mr Lalio",0,23,3,7,,Southampton,General Labourer,,0
"JONSSON, Mr Carl",0,25,3,7,,Southampton,General Labourer,15,1
"J?NSSON, Mr Nils Hilding",0,27,3,7,,Southampton,General Labourer,,0
"JOSEPH (SHAHIN), Mr Elias",0,39,3,7,,Cherbourg,,,0
"JUSSILA, Miss Katriina",1,20,3,9,,Southampton,Servant,,0
"JUSSILA, Miss Mari Aina",1,21,3,9,,Southampton,Servant,,0
"JUSSILA, Mr Eiriik",0,32,3,7,,Southampton,,15,1
"KALLIO, Mr Nikolai Erland",0,17,3,7,,Southampton,General Labourer,,0
"KALVIK, Mr Johannes Halvorsen",0,21,3,8,,Southampton,General Labourer,,0
"KARAJIC, Mr Milan",0,30,3,7,,Southampton,General Labourer,,0
"KARLSSON, Mr Einar Gervasius",0,21,3,7,,Southampton,Military,13,1
"KARLSSON, Mr Julius Konrad Eugen",0,33,3,7,,Southampton,Engineer,,0
"KARLSSON, Mr Nils August",0,22,3,7,,Southampton,Farmer,,0
"KARUN, Mr Franz",0,39,3,13,,Cherbourg,Hotelier,15,1
"KARUN, Miss Manca",1,4,3,13,,Cherbourg,,15,1
"KASSEM HOUSSEIN, Mr Fared",0,18,3,7,,Cherbourg,Farmer,,0
"KATAVELOS, Mr Vasilios G.",0,19,3,7,,Cherbourg,Farmer,,0
"KEANE, Mr Andrew ""Andy""",0,23,3,7,,Queenstown,Farm Labourer,,0
"KEEFE, Mr Arthur",0,39,3,7,,Southampton,Farmer,A,1
"KELLY, Mr James",0,19,3,8,,Southampton,Painter & Decorator,,0
"KELLY, Mr James",0,44,3,7,,Queenstown,Farm Labourer,,0
"KELLY, Miss Anna Katherine",1,20,3,7,,Queenstown,,16,1
"KELLY, Miss Mary",1,22,3,7,,Queenstown,,D,1
"KENNEDY, Mr John",0,24,3,7,,Queenstown,Farm Labourer,,0
"KHALIL, Mr Betros",0,25,3,14,,Cherbourg,Farm Labourer,,0
"KHALIL, Mrs Zahie ""Maria""",1,20,3,14,,Cherbourg,Farm Labourer,,0
"KIERNAN, Mr John",0,25,3,7,,Queenstown,General Labourer,,0
"KIERNAN, Mr Philip",0,22,3,7,,Queenstown,General Labourer,,0
"KILGANNON, Mr Thomas",0,22,3,7,,Queenstown,Farm Labourer,,0
"KINK, Mr Anton",0,29,3,22,,Southampton,,2,1
"KINK, Miss Maria",1,22,3,8,,Southampton,,,0
"KINK, Mr Vincenz",0,26,3,8,,Southampton,Magazineer,,0
"KINK-HEILMANN, Mrs Luise",1,26,3,22,,Southampton,,2,1
"KINK-HEILMANN, Miss Luise Gretchen",1,4,3,22,,Southampton,,2,1
"KLAS?N, Mr Klas Albin",0,18,3,7,,Southampton,Farm Labourer,,0
"KLAS?N, Miss Gertrud Emilia",1,1,3,12,,Southampton,,,0
"KLAS?N, Mrs Hulda Kristina Eugenia",1,36,3,12,,Southampton,Housewife,,0
"KRAEFF, Mr Theodor",0,NA,3,7,,Cherbourg,General Labourer,,0
"KREKORIAN, Mr Neshan",0,25,3,7,,Cherbourg,General Labourer,10,1
"KUTSCHER (LITHMAN), Mr Simon",0,26,3,7,,Southampton,Baker,,0
"LAHOUD ISHAQ MOWAD, Mr Sarkis",0,30,3,7,,Cherbourg,General Labourer,,0
"LAITINEN, Miss Kristina Sofia",1,37,3,9,,Southampton,Housekeeper,,0
"LALEFF, Mr Kristo",0,23,3,7,,Southampton,General Labourer,,0
"LAM, Mr Ali",0,38,3,56,,Southampton,Seaman,C,1
"LAM, Mr Len",0,23,3,56,,Southampton,Seaman,,0
"LANDERGREN, Miss Aurora Adelia",1,22,3,7,,Southampton,,13,1
"LANE, Mr Patrick",0,16,3,7,,Queenstown,Farm Labourer,,0
"LANG, Mr Fang",0,32,3,56,,Southampton,Seaman,14,1
"LARSSON, Mr August Viktor",0,29,3,9,,Southampton,General Labourer,,0
"LARSSON, Mr Bengt Edvin",0,29,3,7,,Southampton,General Labourer,,0
"LARSSON-RONDBERG, Mr Edvard A.",0,22,3,7,,Southampton,General Labourer,,0
"LEENI, Mr Fahim (""Philip Zenni"")",0,22,3,7,,Cherbourg,General Labourer,6,1
"LEFEBVRE, Mrs Frances Marie",1,40,3,25,,Southampton,,,0
"LEFEBVRE, Master Henry",0,5,3,25,,Southampton,,,0
"LEFEBVRE, Miss Ida",1,3,3,25,,Southampton,,,0
"LEFEBVRE, Miss Jeannie",1,8,3,25,,Southampton,,,0
"LEFEBVRE, Miss Mathilde",1,12,3,25,,Southampton,,,0
"LEINONEN, Mr Antti Gustaf",0,32,3,7,,Southampton,,,0
"LENNON, Mr Denis",0,20,3,15,,Queenstown,General Labourer,,0
"LEONARD, Mr Lionel",0,36,3,NA,,Southampton,Seaman,,0
"LESTER, Mr James",0,26,3,24,,Southampton,Dipper,,0
"LIEVENS, Mr Ren? Aim?",0,24,3,9,,Southampton,Farmer,,0
"LINDAHL, Miss Agda Thorilda Viktoria",1,25,3,7,,Southampton,,,0
"LINDBLOM, Miss Augusta Charlotta",1,45,3,7,,Southampton,,,0
"LINDELL, Mr Edvard Bengtsson",0,36,3,15,,Southampton,General Labourer,A,1
"LINDELL, Mrs Elin Gerda",1,30,3,15,,Southampton,,A,1
"LINDQVIST, Mr Eino William",0,20,3,7,,Southampton,,15,1
"LINEHAN, Mr Michael",0,21,3,7,,Queenstown,Farm Labourer,,0
"LING, Mr Lee",0,28,3,56,,Southampton,Seaman,,0
"LINHART, Mr Wenzel",0,27,3,9,,Southampton,Baker,,0
"LIVSHIN, Mr David (Abraham Harmer)",0,25,3,7,,Southampton,Jeweller,B,1
"LOBB, Mr William Arthur",0,30,3,16,,Southampton,Engineer,,0
"LOBB, Mrs Cordelia K.",1,26,3,16,,Southampton,,,0
"LOCKYER, Mr Edward Thomas",0,21,3,7,,Southampton,Grocers Assistant,,0
"LOVELL, Mr John Hall (""Henry"")",0,20,3,7,,Southampton,Farmer,,0
"LULIC, Mr Nikola",0,29,3,8,,Southampton,,15,1
"LUNDAHL, Mr Johan Svensson",0,51,3,7,,Southampton,General Labourer,,0
"LUNDSTR?M, Mr Thure Edvin",0,32,3,7,,Southampton,,15,1
"LYMPEROPOULUS, Mr Panagiotis K.",0,30,3,6,,Cherbourg,General Labourer,,0
"LYNTAKOFF, Mr Stanko",0,44,3,7,,Southampton,General Labourer,,0
"MACKAY, Mr George William",0,20,3,7,,Southampton,Butler,,0
"MADIGAN, Miss Margaret ""Maggie""",1,21,3,7,,Queenstown,,15,1
"MADSEN, Mr Fridtjof Arne",0,24,3,7,,Southampton,,13,1
"M?ENP??, Mr Matti Alexanteri",0,22,3,7,,Southampton,,,0
"MAHON, Miss Bridget Delia",1,20,3,7,,Queenstown,,,0
"MAISNER, Mr Simon",0,34,3,8,,Southampton,Tailor,,0
"M?KINEN, Mr Kalle Edvard",0,29,3,7,,Southampton,General Labourer,,0
"MAMEE, Mr Hanna",0,20,3,7,,Cherbourg,,15,1
"MANGAN, Miss Mary",1,32,3,7,,Queenstown,,,0
"MANNION, Miss Margaret",1,28,3,7,,Queenstown,,16,1
"MARDIROSIAN, Mr Sarkis",0,25,3,7,,Cherbourg,Farm Labourer,,0
"MARINKO, Mr Dmitri",0,23,3,7,,Southampton,,,0
"MARKOFF, Mr Marin",0,35,3,7,,Southampton,General Labourer,,0
"MARKUN, Mr Johann",0,33,3,7,,Cherbourg,General Labourer,,0
"MATINOFF, Mr Nicola",0,30,3,7,,Cherbourg,,,0
"MCCARTHY, Miss Catherine ""Katie""",1,24,3,7,,Queenstown,,15,1
"MCCORMACK, Mr Thomas Joseph",0,19,3,7,,Queenstown,Barman,,0
"MCCOY, Miss Agnes",1,29,3,23,,Queenstown,,16,1
"MCCOY, Miss Alicia",1,26,3,23,,Queenstown,,16,1
"MCCOY, Mr Bernard",0,24,3,23,,Queenstown,General Labourer,16,1
"MCDERMOTT, Miss Bridget Delia",1,31,3,7,,Queenstown,,13,1
"MCEVOY, Mr Michael",0,19,3,15,,Queenstown,Farm Labourer,,0
"MCGOVERN, Ms Mary",0,22,3,7,,Queenstown,,13,1
"MCGOWAN, Miss Katherine",1,42,3,7,,Queenstown,,,0
"MCGOWAN, Miss Anna ""Annie""",1,17,3,8,,Queenstown,,,0
"MCMAHON, Mr Martin",0,20,3,7,,Queenstown,Farm Labourer,,0
"MCNAMEE, Mr Neal",0,27,3,16,,Southampton,Provision Manager,,0
"MCNAMEE, Mrs Eileen",1,19,3,16,,Southampton,,,0
"MCNEILL, Miss Bridget",1,27,3,7,,Queenstown,,,0
"MEANWELL, Mrs Marian",1,63,3,8,,Southampton,Milliner,,0
"MEEHON, Mr John",0,22,3,7,,Queenstown,General Labourer,,0
"MEEK, Mrs Annie Louise Rowley",1,31,3,8,,Southampton,,,0
"MEO (MARTINO), Mr Alfonzo",0,48,3,8,,Southampton,Musician,,0
"MERNAGH, Mr Robert",0,28,3,7,,Queenstown,Farm Labourer,,0
"MIDTSJ?, Mr Karl Albert",0,21,3,7,,Southampton,Farmer,15,1
"MIHOFF, Mr Stoytcho",0,28,3,7,,Southampton,General Labourer,,0
"MILES, Mr Frank",0,23,3,8,,Southampton,Engineer,,0
"MINEFF, Mr Ivan",0,24,3,7,,Southampton,General Labourer,,0
"MINKOFF, Mr Lazar",0,21,3,7,,Southampton,General Labourer,,0
"MITKOFF, Mr Mito",0,23,3,7,,Southampton,General Labourer,,0
"MOCKLER, Miss Ellen Mary",1,23,3,7,,Queenstown,,16,1
"MOEN, Mr Sigurd Hansen",0,27,3,7,,Southampton,Carpenter / Joiner,,0
"MOOR, Mrs Beila",1,29,3,12,,Southampton,Tailor,14,1
"MOOR, Master Meier",0,7,3,12,,Southampton,,14,1
"MOORE, Mr Leonard Charles",0,19,3,8,,Southampton,Bricklayer,,0
"MORAN, Miss Bertha Bridget",1,28,3,24,,Queenstown,,16,1
"MORAN, Mr Daniel James",0,27,3,24,,Queenstown,General Labourer,,0
"MORLEY, Mr William",0,34,3,8,,Southampton,Carpenter / Joiner,,0
"MORROW, Mr Thomas Rowan",0,30,3,7,,Queenstown,General Labourer,,0
"MOSS, Mr Albert Johan",0,29,3,7,,Southampton,,B,1
"MOUBAREK, Mrs Omine",1,24,3,15,,Cherbourg,,C,1
"MOUBAREK, Master Gerios (""George _"")",0,7,3,15,,Cherbourg,,C,1
"MOUBAREK, Master Halim Gonios (""William George"")",0,4,3,15,,Cherbourg,,C,1
"MOUSSA, Mrs Mantoura Boulos",1,35,3,7,,Cherbourg,Housewife,,0
"MOUSSELMANI, Mrs Fatima",1,22,3,7,,Cherbourg,,C,1
"MOUTAL, Mr Rahamin Haim",0,28,3,8,,Southampton,Traveller,,0
"MULLEN, Miss Katherine ""Katie""",1,21,3,7,,Queenstown,,16,1
"MULLIN, Miss Mary (_Lennon)",1,18,3,15,,Queenstown,,,0
"MULVIHILL, Miss Bridget Elizabeth",1,25,3,7,,Queenstown,,15,1
"MURDLIN, Mr Joseph",0,22,3,8,,Southampton,Chemist,,0
"MURPHY, Miss Nora",1,34,3,15,,Queenstown,,16,1
"MURPHY, Miss Margaret Jane ""Mary"" ""Maggie""",1,25,3,15,,Queenstown,,16,1
"MURPHY, Miss Catherine ""Kate""",1,18,3,15,,Queenstown,,16,1
"MYHRMAN, Mr Pehr Fabian Oliver Malkolm",0,18,3,7,,Southampton,General Labourer,,0
"NAIDENOFF, Mr Penko",0,22,3,7,,Southampton,General Labourer,,0
"NAJIB KIAMIE, Miss Adele ""Jane""",1,15,3,7,,Cherbourg,,C,1
"NAKHLI, Mr Toufik",0,17,3,7,,Cherbourg,,,0
"NAKID, Mr Sahid",0,20,3,15,,Cherbourg,,C,1
"NAKID, Mrs Waika ""Mary""",1,19,3,15,,Cherbourg,,C,1
"NAKID, Miss Maria",1,1,3,15,,Cherbourg,,C,1
"NANCARROW, Mr William Henry",0,34,3,8,,Southampton,Mason,,0
"NANKOFF, Mr Minko",0,32,3,7,,Southampton,General Labourer,,0
"NASR ALMA, Mr Mustafa",0,20,3,7,,Cherbourg,Farm Labourer,,0
"NASSR RIZQ, Mr Saade",0,20,3,7,,Cherbourg,,,0
"NAUGHTON, Miss Hannah",1,21,3,7,,Queenstown,,,0
"NENKOFF, Mr Christo",0,22,3,7,,Southampton,General Labourer,,0
"NICOLA-YARRED, Miss Jamila (""Amelia Garrett"")",1,14,3,11,,Cherbourg,,C,1
"NICOLA-YARRED, Master Elias (""Louis Garrett"")",0,11,3,11,,Cherbourg,,C,1
"NIEMINEN, Miss Manta Josefina",1,29,3,7,,Southampton,Servant,,0
"NIKLASSON, Mr Samuel",0,28,3,8,,Southampton,General Labourer,,0
"NILSSON, Mr August Ferdinand",0,21,3,7,,Southampton,General Labourer,,0
"NILSSON, Miss Berta Olivia",1,18,3,7,,Southampton,,D,1
"NILSSON, Miss Helmina Josefina",1,26,3,7,,Southampton,,13,1
"NIRVA, Mr Iisakki Antino ?ij?",0,41,3,7,,Southampton,General Labourer,,0
"NISK?NEN, Mr Juha",0,39,3,7,,Southampton,,9,1
"NOFAL, Mr Mansouer",0,20,3,7,,Cherbourg,Journalist,,0
"NOSWORTHY, Mr Richard Cater",0,21,3,7,,Southampton,Farm Labourer,,0
"NYSTEN, Miss Anna Sofia",1,22,3,7,,Southampton,,13,1
"NYSVEEN, Mr Johan Hansen",0,60,3,6,,Southampton,Farmer,,0
"O'BRIEN, Mr Timothy",0,21,3,7,,Queenstown,,,0
"O'BRIEN, Mr Thomas",0,27,3,15,,Queenstown,Farm Labourer,,0
"O'BRIEN, Mrs Johanna ""Hannah""",1,26,3,15,,Queenstown,Housewife,,0
"O'CONNELL, Mr Patrick Denis",0,17,3,7,,Queenstown,General Labourer,,0
"O'CONNOR, Mr Maurice",0,16,3,7,,Queenstown,General Labourer,,0
"O'CONNOR, Mr Patrick",0,23,3,7,,Queenstown,Farmer,,0
"O'DRISCOLL, Miss Bridget",1,27,3,7,,Queenstown,,D,1
"O'DWYER, Miss Ellen ""Nellie""",1,25,3,7,,Queenstown,,,0
"O'KEEFE, Mr Patrick",0,21,3,7,,Queenstown,Farm Labourer,B,1
"O'LEARY, Miss Hanora ""Nora""",1,16,3,7,,Queenstown,,13,1
"O'SULLIVAN, Miss Bridget Mary",1,21,3,7,,Queenstown,,,0
"?DAHL, Mr Nils Martin",0,23,3,9,,Southampton,General Labourer,,0
"?HMAN, Miss Velin",1,22,3,7,,Southampton,,C,1
"OLSEN, Mr Karl Siegwart Andreas",0,42,3,8,,Southampton,General Labourer,,0
"OLSEN, Master Artur Karl",0,9,3,3,,Southampton,,13,1
"OLSEN, Mr Henry Margido",0,28,3,22,,Southampton,Engineer,,0
"OLSEN, Mr Ole Martin",0,27,3,7,,Southampton,General Labourer,,0
"OLSSON, Mr Oscar Wilhelm",0,32,3,7,,Southampton,,A,1
"OLSSON, Mr Nils Johan G?ransson",0,28,3,7,,Southampton,,,0
"OLSSON, Miss Elina",1,31,3,7,,Southampton,,,0
"OLSVIGEN, Mr Thor Anderson",0,20,3,9,,Southampton,Salesman,,0
"ORESKOVIC, Mr Luka",0,20,3,8,,Southampton,Farmer,,0
"ORESKOVIC, Miss Jelka",1,23,3,8,,Southampton,Farmer,,0
"ORESKOVIC, Miss Marija",1,20,3,8,,Southampton,Farm Labourer,,0
"OS?N, Mr Olaf Elon",0,16,3,9,,Southampton,Farm Labourer,,0
"P?LSSON, Mrs Alma Cornelia",1,29,3,21,,Southampton,Housewife,,0
"P?LSSON, Master G?sta Leonard",0,2,3,21,,Southampton,,,0
"P?LSSON, Master Paul Folke",0,6,3,21,,Southampton,,,0
"P?LSSON, Miss Stina Viola",1,3,3,21,,Southampton,,,0
"P?LSSON, Miss Torborg Danira",1,8,3,21,,Southampton,,,0
"PANULA, Mrs Maija Emelia Abrahamintytar",1,41,3,39,,Southampton,,,0
"PANULA, Master Jaako Arnold",0,14,3,39,,Southampton,General Labourer,,0
"PANULA, Mr Ernesti Arvid",0,16,3,39,,Southampton,General Labourer,,0
"PANULA, Master Juha Niilo",0,7,3,39,,Southampton,,,0
"PANULA, Master Urho Abraham",0,2,3,39,,Southampton,,,0
"PANULA, Master Eino Viljam",0,1,3,39,,Southampton,,,0
"PASIC, Mr Jakob",0,21,3,8,,Southampton,Farmer,,0
"PATCHETT, Mr George",0,19,3,14,,Southampton,Shoemaker,,0
"PAVLOVIC, Mr Stefo",0,32,3,7,,Southampton,General Labourer,,0
"PEACOCK, Mrs Edith",1,26,3,13,,Southampton,,,0
"PEACOCK, Master Alfred Edward",0,1,3,13,,Southampton,,,0
"PEACOCK, Miss Treasteall",1,3,3,13,,Southampton,,,0
"PEARCE, Mr Ernest",0,32,3,7,,Southampton,Farmer,,0
"PEDERSEN, Mr Olaf",0,28,3,7,,Southampton,General Labourer,,0
"PEDUZZI, Mr Giuseppe",0,24,3,8,,Southampton,Waiter,,0
"PEKONIEMI, Mr Edvard",0,21,3,7,,Southampton,General Labourer,,0
"PELTOM?KI, Mr Nikolai Johannes",0,25,3,7,,Southampton,General Labourer,,0
"PERKIN, Mr John Henry",0,22,3,7,,Southampton,Farmer,,0
"PERSSON, Mr Ernst Ulrik",0,25,3,7,,Southampton,Chauffeur,15,1
"PETER / JOSEPH, Mrs Catherine",1,24,3,22,,Cherbourg,,C,1
"PETER / JOSEPH, Master Michael J. (""Michael Joseph"")",0,4,3,22,,Cherbourg,,D,1
"PETER / JOSEPH, Miss Anna (""Mary Joseph"")",1,2,3,22,,Cherbourg,,C,1
"PETERS, Miss Katie",1,26,3,8,,Queenstown,,,0
"PETERSEN, Mr Marius",0,24,3,8,,Southampton,Dairy Worker,,0
"PETRANEC, Miss Matilda",1,28,3,7,,Southampton,Servant,,0
"PETROFF, Mr Nedialco",0,19,3,7,,Southampton,General Labourer,,0
"PETROFF, Mr Pastcho",0,29,3,7,,Southampton,General Labourer,,0
"PETTERSSON, Mr Johan Emil",0,25,3,7,,Southampton,General Labourer,,0
"PETTERSSON, Miss Ellen Natalia",1,18,3,7,,Southampton,,,0
"PICKARD, Mr Berk",0,32,3,8,,Southampton,Leather Worker,9,1
"PLOTCHARSKY, Mr Vasil",0,27,3,7,,Southampton,General Labourer,,0
"POKRNIC, Mr Mate",0,17,3,8,,Southampton,,,0
"POKRNIC, Mr Tome",0,24,3,8,,Southampton,,,0
"PULNER, Mr Uscher",0,16,3,8,,Cherbourg,,,0
"RADEFF, Mr Alexander",0,27,3,7,,Southampton,General Labourer,,0
"RASMUSSEN, Mrs Lena Jakobsen",1,63,3,8,,Southampton,,,0
"RAZI, Mr Raihed",0,30,3,7,,Cherbourg,,,0
"REED, Mr James George",0,19,3,7,,Southampton,Butcher,,0
"REKIC, Mr Tido",0,38,3,7,,Southampton,General Labourer,,0
"REYNOLDS, Mr Harold J.",0,21,3,8,,Southampton,Baker,,0
"RICE, Mrs Margaret",1,39,3,29,,Queenstown,Housekeeper,,0
"RICE, Master Albert",0,10,3,29,,Queenstown,,,0
"RICE, Master George Hugh",0,8,3,29,,Queenstown,,,0
"RICE, Master Eric",0,7,3,29,,Queenstown,,,0
"RICE, Master Arthur",0,4,3,29,,Queenstown,,,0
"RICE, Master Eugene Francis",0,2,3,29,,Queenstown,,,0
"RIIHIVUORI, Miss Susanna Juhantyt?r ""Sanni""",1,22,3,39,,Southampton,,,0
"RINTAM?KI, Mr Matti",0,35,3,7,,Southampton,General Labourer,,0
"RIORDAN, Miss Hannah",1,18,3,7,,Queenstown,,13,1
"RISIEN, Mr Samuel Beard",0,69,3,14,,Southampton,Hotelier,,0
"RISIEN, Mrs Emma",1,58,3,14,,Southampton,,,0
"ROBINS, Mr Alexander A.",0,50,3,14,,Southampton,Mason,,0
"ROBINS, Mrs Grace Charity",1,47,3,14,,Southampton,,,0
"ROGERS, Mr William John",0,29,3,8,,Southampton,Miner,,0
"ROMMETVEDT, Mr Knud Paust",0,49,3,7,,Southampton,Tailor,,0
"ROSBLOM, Mrs Helena Wilhelmina",1,41,3,20,,Southampton,,,0
"ROSBLOM, Miss Salli Helena",1,2,3,20,,Southampton,,,0
"ROSBLOM, Mr Viktor Richard",0,18,3,20,,Southampton,General Labourer,,0
"ROTH, Miss Sarah A.",1,26,3,8,,Southampton,Tailor,C,1
"ROUSE, Mr Richard Henry",0,53,3,8,,Southampton,Farm Labourer,,0
"RUSH, Mr Alfred George John",0,16,3,8,,Southampton,Porter,,0
"RYAN, Mr Patrick",0,29,3,24,,Queenstown,General Labourer,,0
"RYAN, Mr Edward",0,24,3,7,,Queenstown,General Labourer,14,1
"SAAD, Mr Amin",0,30,3,7,,Cherbourg,Farm Labourer,,0
"SAAD, Mr Khalil",0,27,3,7,,Cherbourg,Farm Labourer,,0
"SADLIER, Mr Matthew",0,20,3,7,,Queenstown,Farm Labourer,,0
"SADOWITZ, Mr Harry",0,17,3,7,,Southampton,Fur Cutter,,0
"SAGE, Mr John George",0,44,3,69,,Southampton,Tradesman,,0
"SAGE, Mrs Annie Elizabeth",1,44,3,69,,Southampton,,,0
"SAGE, Miss Stella Anne",1,20,3,69,,Southampton,Dressmaker / Couturi?re,,0
"SAGE, Mr George John",0,19,3,69,,Southampton,Barman,,0
"SAGE, Mr Douglas Bullen",0,18,3,69,,Southampton,Baker,,0
"SAGE, Mr Frederick",0,16,3,69,,Southampton,Cook,,0
"SAGE, Miss Dorothy",1,14,3,69,,Southampton,Scholar,,0
"SAGE, Master Anthony William",0,12,3,69,,Southampton,,,0
"SAGE, Miss Elizabeth Ada",1,10,3,69,,Southampton,,,0
"SAGE, Miss Constance Gladys",1,7,3,69,,Southampton,,,0
"SAGE, Master Thomas Henry",0,4,3,69,,Southampton,,,0
"SALANDER, Mr Karl Johan",0,24,3,9,,Southampton,General Labourer,,0
"SALKJELSVIK, Miss Anna Kristine",1,21,3,7,,Southampton,,C,1
"SALONEN, Mr Johan Werner",0,29,3,7,,Southampton,General Labourer,,0
"SAMAAN, Mr Hanna Elias",0,40,3,21,,Cherbourg,General Labourer,,0
"SAMAAN, Mr Elias",0,17,3,21,,Cherbourg,General Labourer,,0
"SAMAAN, Mr Youssef (""Joseph"")",0,15,3,21,,Cherbourg,General Labourer,,0
"SANDSTR?M, Mrs Agnes Charlotta",1,24,3,16,,Southampton,,13,1
"SANDSTR?M, Miss Beatrice Irene",1,1,3,16,,Southampton,,13,1
"SANDSTR?M, Miss Marguerite Rut",1,4,3,16,,Southampton,,13,1
"SAP, Mr Julius (""Jules _"")",0,21,3,9,,Southampton,,11,1
"SAUNDERCOCK, Mr William Henry",0,19,3,8,,Southampton,Miner,,0
"SAWYER, Mr Frederick Charles",0,33,3,8,,Southampton,Gardener,,0
"SCANLAN, Mr James",0,22,3,7,,Queenstown,,,0
"SCHEERLINCK, Mr Jean",0,29,3,9,,Southampton,,11,1
"SDYCOFF, Mr Todor",0,42,3,7,,Southampton,,,0
"SEMAN, Master Betros",0,10,3,4,,Cherbourg,,,0
"SHAUGHNESSY, Mr Patrick",0,24,3,7,,Queenstown,Farm Labourer,,0
"SHEDID, Mr Daher",0,19,3,7,,Cherbourg,,,0
"SHELLARD, Mr Frederick William Blainey",0,55,3,15,,Southampton,Painter & Decorator,,0
"SHINE, Miss Ellen Natalia",1,20,3,7,,Queenstown,,,0
"SHORNEY, Mr Charles Joseph",0,22,3,8,,Southampton,Valet,,0
"SIMMONS, Mr John",0,39,3,8,,Southampton,General Labourer,,0
"SIRAYANIAN, Mr Orsen",0,22,3,7,,Cherbourg,Farmer,,0
"SIROTA, Mr Maurice",0,20,3,8,,Southampton,Tailor,,0
"SIVIC, Mr Husein",0,40,3,7,,Southampton,General Labourer,,0
"SIVOLA, Mr Antti Wilhelm",0,21,3,7,,Southampton,General Labourer,,0
"SJ?BLOM, Miss Anna Sofia",1,18,3,6,,Southampton,,16,1
"SKOOG, Mr Wilhelm (""William Johansson"")",0,40,3,27,,Southampton,General Labourer,,0
"SKOOG, Mrs Anna Bernhardina",1,43,3,27,,Southampton,,,0
"SKOOG, Master Karl Thorsten",0,11,3,27,,Southampton,,,0
"SKOOG, Master Harald",0,5,3,27,,Southampton,,,0
"SKOOG, Miss Mabel",1,9,3,27,,Southampton,,,0
"SKOOG, Miss Margit Elizabeth",1,2,3,27,,Southampton,,,0
"SLABENOFF, Mr Petco",0,42,3,7,,Southampton,General Labourer,,0
"SLOCOVSKI, Mr Selman Francis",0,20,3,8,,Southampton,Merchant,,0
"SMILJANIC, Mr Mile",0,37,3,8,,Southampton,Farm Labourer,,0
"SMYTH, Mr Thomas",0,26,3,7,,Queenstown,,,0
"SMYTH, Miss Julia",1,17,3,7,,Queenstown,,13,1
"SOMERTON, Mr Francis William",0,31,3,8,,Southampton,,,0
"SPECTOR, Mr Woolf",0,23,3,8,,Southampton,General Labourer,,0
"SPINNER, Mr Henry John",0,32,3,8,,Southampton,Grocer,,0
"STANEFF, Mr Ivan",0,23,3,7,,Southampton,General Labourer,,0
"STANKOVIC, Mr Ivan",0,33,3,8,,Cherbourg,General Labourer,,0
"STANLEY, Miss Amy Zillah Elsie",1,24,3,7,,Southampton,Servant,C,1
"STANLEY, Mr Edward Roland",0,21,3,8,,Southampton,Porter,,0
"STOREY, Mr Thomas",0,51,3,NA,,Southampton,Seaman,,0
"STOYTCHEFF, Mr Ilia",0,19,3,7,,Southampton,General Labourer,,0
"STRANDBERG, Miss Ida Sofia",1,22,3,9,,Southampton,,,0
"STRAND?N, Mr Juho Niilosson",0,31,3,7,,Southampton,,9,1
"STRILIC, Mr Ivan",0,27,3,8,,Southampton,Farmer,,0
"STR?M, Mrs Elna Matilda",1,29,3,10,,Southampton,,,0
"STR?M, Miss Telma Matilda",1,2,3,10,,Southampton,,,0
"SUNDERLAND, Mr Victor Francis",0,20,3,8,,Southampton,Farmer,B,1
"SUNDMAN, Mr Johan Julian",0,44,3,7,,Southampton,,15,1
"SUTEHALL, Mr Henry Jr",0,25,3,7,,Southampton,Coach Trimmer,,0
"SVENSSON, Mr Olof",0,24,3,7,,Southampton,Farmer,,0
"SVENSSON, Mr Johan",0,74,3,7,,Southampton,,,0
"SVENSSON, Mr Johan Cervin",0,14,3,9,,Southampton,,13,1
"S?THER, Mr Simon Sivertsen",0,43,3,7,,Southampton,Miner,,0
"S?HOLT, Mr Peter Andreas Lauritz Andersen",0,19,3,7,,Southampton,Carpenter / Joiner,,0
"TENGLIN, Mr Gunnar Isidor",0,25,3,7,,Southampton,,13,1
"THEOBALD, Mr Thomas Leonard",0,34,3,8,,Southampton,Groom,,0
"THOMAS, Mr Charles R'ad.",0,31,3,6,,Cherbourg,Dealer,,0
"THOMAS, Mrs Thamine ""Thelma""",1,16,3,8,,Cherbourg,,14,1
"THOMAS/TANNOUS, Mr Tannous",0,16,3,7,,Cherbourg,Scholar,,0
"THOMAS/TANNOUS, Master Assad Alexander",0,1,3,8,,Cherbourg,,16,1
"THOMAS/TANNOUS, Mr John",0,34,3,6,,Cherbourg,Dealer,,0
"THOMPSON, Mr Alexander Morrison",0,36,3,8,,Southampton,Mason,,0
"THORNEYCROFT, Mr Percival",0,36,3,16,,Southampton,General Labourer,,0
"THORNEYCROFT, Mrs Florence Kate",1,32,3,16,,Southampton,,10,1
"TIKKANEN, Mr Juho",0,32,3,7,,Southampton,General Labourer,,0
"TOBIN, Mr Roger",0,20,3,7,,Queenstown,Farmer,,0
"TODOROFF, Mr Lalio",0,23,3,7,,Southampton,General Labourer,,0
"TOMLIN, Mr Ernest Portage",0,22,3,8,,Southampton,Scholar,,0
"T?RBER, Mr Ernst Wilhelm",0,41,3,8,,Southampton,Florist,,0
"TORFA, Mr Assad",0,20,3,7,,Cherbourg,Farm Labourer,,0
"T?RNQUIST, Mr William Henry",0,25,3,NA,,Southampton,Seaman,15,1
"TOUMA, Mrs Hanna Youssef",1,27,3,15,,Cherbourg,,C,1
"TOUMA, Miss Maria Youssef (""Mary Thomas"")",1,9,3,15,,Cherbourg,,C,1
"TOUMA, Master Georges Youssef (""George Thomas"")",0,8,3,15,,Cherbourg,,C,1
"TURCIN, Mr Stjepan",0,36,3,7,,Southampton,General Labourer,,0
"TURJA, Miss Anna Sofia",1,18,3,9,,Southampton,,15,1
"TURKULA, Mrs Hedwig",1,63,3,9,,Southampton,,15,1
"VAN BILLIARD, Mr Austin Blyler",0,35,3,14,,Southampton,,,0
"VAN BILLIARD, Master James William",0,10,3,14,,Southampton,,,0
"VAN BILLIARD, Master Walter John",0,9,3,14,,Southampton,,,0
"VAN DE VELDE, Mr Johannes Josef",0,35,3,9,,Southampton,Farmer,,0
"VAN DEN STEEN, Mr Leo Peter",0,28,3,9,,Southampton,Farmer,,0
"VAN IMPE, Mr Jean Baptiste",0,36,3,24,,Southampton,Farmer,,0
"VAN IMPE, Mrs Rosalie Paula",1,30,3,24,,Southampton,,,0
"VAN IMPE, Miss Catharina",1,10,3,24,,Southampton,,,0
"VAN MELCKEBEKE, Mr Philemon",0,23,3,9,,Southampton,Farmer,,0
"VANDERCRUYSSEN, Mr Victor",0,46,3,9,,Southampton,Farmer,,0
"VANDERPLANCKE, Mr Julius",0,31,3,18,,Southampton,Farmer,,0
"VANDERPLANCKE, Mrs Emelie Maria",1,31,3,18,,Southampton,,,0
"VANDERPLANCKE, Miss Augusta Maria",1,18,3,18,,Southampton,Servant,,0
"VANDERPLANCKE, Mr Leo Edmondus",0,15,3,18,,Southampton,Farm Labourer,,0
"VANDEWALLE, Mr Nestor Cyriel",0,28,3,9,,Southampton,Merchant,,0
"VARTANIAN, Mr David",0,22,3,7,,Cherbourg,,13,1
"VENDEL, Mr Olof Edvin",0,20,3,7,,Southampton,General Labourer,,0
"VESTR?M, Miss Hulda Amanda Adolfina",1,14,3,7,,Southampton,Servant,,0
"VOVK, Mr Janko",0,21,3,7,,Southampton,General Labourer,,0
"WAELENS, Mr Achille",0,22,3,9,,Southampton,Farm Labourer,,0
"WARE, Mr Frederick",0,34,3,8,,Southampton,Motor Fitter,,0
"WARREN, Mr Charles William",0,30,3,7,,Southampton,Bricklayer,,0
"WAZLI, Mr Yousif Ahmed",0,25,3,7,,Cherbourg,Farmer,,0
"WEBBER, Mr James",0,66,3,8,,Southampton,Miner,,0
"WENNERSTR?M, Mr August",0,27,3,7,,Southampton,,A,1
"WIDEGREN, Mr Carl / Charles Peter",0,51,3,7,,Southampton,General Labourer,,0
"WIKLUND, Mr Karl Johan",0,21,3,6,,Southampton,General Labourer,,0
"WIKLUND, Mr Jakob Alfred",0,18,3,6,,Southampton,General Labourer,,0
"WILKES, Mrs Ellen",1,47,3,7,,Southampton,,16,1
"WILLER, Mr Aaron",0,37,3,8,,Cherbourg,,,0
"WILLEY, Mr Edward",0,18,3,7,,Southampton,Farm Labourer,,0
"WILLIAMS, Mr Howard Hugh ""Harry""",0,28,3,8,,Southampton,Carman,,0
"WILLIAMS, Mr Leslie",0,28,3,16,,Southampton,Pugilist,,0
"WINDEL?V, Mr Einar",0,21,3,7,,Southampton,Dairy Worker,,0
"WIRZ, Mr Albert",0,27,3,8,,Southampton,Farmer,,0
"WISEMAN, Mr Phillippe",0,54,3,7,,Southampton,Merchant,,0
"WITTEVRONGEL, Mr Camilius Aloysius",0,36,3,9,,Southampton,Farmer,,0
"YASBECK, Mr Antoni",0,27,3,14,,Cherbourg,General Labourer,C,1
"YAZBECK, Mrs Selini ""Celiney""",1,15,3,14,,Cherbourg,,,0
"YOUSSEFF (ABI SAAB), Mr Gerios",0,45,3,7,,Cherbourg,Shoemaker,,0
"YOUSSIFF (SAM'AAN), Mr Gerios",0,28,3,7,,Cherbourg,,,0
"ZAKARIAN, Mr Ortin",0,27,3,7,,Cherbourg,General Labourer,,0
"ZAKARIAN, Mr Mapriededer",0,22,3,7,,Cherbourg,,,0
"ZIMMERMANN, Mr Leo",0,29,3,7,,Southampton,Farmer,,0